id,label
7f8da4d4-5d37-4b83-afe8-e424bf567813,0
0f50dd85-9e08-4e4b-bab0-35c2ff27a865,0
c4cf245e-33e0-42b2-a04c-7c657f2c537c,0
5b149fa4-a764-49d3-8c5a-9ddf71d37ca7,0
d15c5ddb-dd79-4ce8-bd95-6bae2d005c7c,1
f68e5b2e-eaec-482e-84bf-e971f764ef20,0
ea115dd8-2813-449e-ba2a-e0cbef5b06be,0
ff5bc5f1-4c11-40fd-9cff-f7e74a81510e,0
3847165d-6bc3-4387-921b-4e744e2f8790,1
c09504fd-7644-4be5-b520-2bf23eebbfc2,0
50c235a6-05a3-4fb3-bfbb-dc0d108028f2,0
bd7ee918-c5d6-4c3d-8216-ec600347a49e,0
12f1ab31-457e-4461-b47d-34a96e274ce7,0
8a95cc05-7883-4e1a-bd4d-9187e42759eb,0
84b40126-0645-4617-9154-423bfda44b26,0
7af420da-46e2-4402-a80b-3ec1cf17ec59,0
d8cd6028-9b90-4151-8917-eaa6fa5545f7,1
6546a743-6113-4a41-ba34-810532fb04a5,0
4694882a-0968-4558-af9b-0ba88b1fba58,0
68d49b81-0bd4-4847-b8d3-c09442dbcb28,0
a1e68c53-65b8-404c-b877-cb577f6f1bd8,0
72f6d836-916d-40d2-8cec-2e17c9cc5d59,0
32ea5fa5-e740-421a-be37-2639fa5b2d36,0
fe18abbf-4919-4aba-988a-2932220ed7a4,0
8f117d55-0e43-4df5-a63e-36a54988fe5c,0
85c3835e-22ee-4712-bf86-9a53c5a1f6b0,0
9770c336-03c4-4615-a7e8-d718dec8b466,0
08059e37-7ea0-425e-bd0a-bfe7bc78ee64,0
a9826246-345e-4285-b353-0a8c204b78d2,0
9e91e80b-dda3-4d89-892e-ceb6a882b249,0
22669c5e-7690-45e7-a2cf-f5e9b8f05d7c,0
b025abe1-65bf-4fca-a9bb-b2b84b85dd4f,0
516290e1-5cae-4c28-baf5-afee0a74328d,0
82414a69-7e69-4a38-8bfb-1a0e114a88a2,0
afbe7005-6110-4832-880a-8f1cf61b2af5,1
f011aa82-9dd1-4838-b7cc-d52088fd7292,0
16986db9-3338-4153-bf89-fc99dd083a58,1
49a6b13c-187a-43bc-96a8-f041a99710f2,0
675aeb06-bb48-4770-8991-269487dc8f32,0
86b53755-d150-4be6-9471-952765051550,0
2b414505-76da-47e9-b5c8-df0dfbd90657,0
af474c7c-fced-44c0-b070-189def11a759,0
36593463-5934-4f14-819e-f752b63520f0,0
b2207128-3b8e-493a-83e6-7fc28ce97e70,0
692fcf0c-9ca1-4c4e-8331-9907f9324843,0
cf1b7758-4202-4f4c-98e6-6848c774202f,0
bbbb9d5a-3602-4095-a7ee-922df3d48f29,0
5ae0618e-2615-46c6-9f93-c65c2ee81161,0
cb930dd0-fb58-4485-b343-993be8117809,0
1198c18b-2d7a-41b2-b64e-5707280f8a86,0
ef6f7191-aacb-4d1e-9ec6-7e9014ef6a49,0
7ad5748b-36b5-4219-85af-c1d757e9233d,0
ab605acd-30dd-43e6-8908-6aa6e87598b0,0
f33de334-b980-4abb-8f98-1a6ed16c82e5,0
22414973-51d0-4f9b-9856-0953e50d5afc,0
b62b11aa-04a6-4354-9783-151d08ec7c54,0
83fe7c9a-34aa-4553-a4d4-c55c5a436c28,0
61d21ebc-a8c9-4cd2-950b-bf331988390a,0
3b9e055d-2fa1-487a-a4aa-64cfe89d3a12,0
04cb4da6-4ff6-4788-91c8-22fb11015d44,0
dd116253-dc97-4aed-84b0-65bed23aecdc,0
c68bae8b-a139-47d0-bd5b-b37cdb53af58,0
4b3c0c53-8f5e-4a2d-a10f-7603b3696c3c,0
187f2570-bf13-4f05-85c7-ef7789b8bbc8,0
c34858c4-d66d-4c5a-b1b5-2cdd3fb20967,0
5d844ee4-f951-4805-ad98-c69271bbf169,0
768b8b11-9890-4aee-bdd1-06ca20dbe4fc,0
69d66f40-3891-4935-852b-870a7dcd3ee6,0
637e1a23-eb84-4939-ab74-f078bfe09ed6,0
36c352b2-ab80-4951-9c1f-9990c170df89,0
6b38e88b-d39f-433d-a1c2-76d27aeef213,0
168f011a-3dae-450c-8038-cfbd82ce0525,0
fa79e685-eddc-4acd-8c39-e89ab579a1cd,0
1007e8d5-755d-4d90-afa7-2aa228b2a60b,0
874aafad-9cec-4001-8a6c-25be704c62f1,0
2baf98fa-22c9-4840-b09a-8eef02c0809f,1
b106fbb1-0475-4fe6-888a-f2f5e708163c,0
e449548a-7b4b-4757-b3bb-40a239e3167a,0
27800cff-a399-4cd9-8cb4-6244f04ce613,1
96c6d2b7-dd95-436b-9017-488e8c1997e1,0
45a1734c-adce-411a-bbe0-5ad60c18a138,0
10af362e-2a8d-4c90-8d23-c69d3529cc8f,0
7e291f65-cd1f-41ce-84b5-ffb316300924,0
1e962602-1327-4c61-b8cd-71c4f81ed230,0
99ba907c-43ea-41a9-8960-bffeb48d02f2,0
36721a19-b2b6-42b2-b7c3-4fcf850287a6,0
10fc8172-2d4d-4cf5-be80-4f6755f688eb,0
2ff107dc-4fb3-45e2-8b93-9dd192b1f2b1,0
98fa4787-336e-4a76-b528-54ecd2da6055,0
88d2ebe1-78f8-4599-938b-0ce6edac1022,0
47460696-f476-4ad8-b6a5-93f22a612cac,0
057451ca-b1ee-4be4-a8cb-5c50959e1ca7,0
4ed630dd-f06e-4480-9093-ba126b02dffa,0
3f2e9bbd-49e0-4917-8790-ad912eec2806,1
aa9dba74-828a-4d3d-aa97-40bf0d633a4f,0
3cedda69-e113-4d1f-8acc-e7bd982c7278,0
ba616575-5040-409d-a036-86483a8e6410,0
8ee7e54e-201b-4156-aa9d-a9d2bb45e96e,0
dd804ed0-1c2f-4b13-93c3-cfd87e93de9b,1
1631f7af-2b6a-48c0-bd55-22ce1c58459f,0
51ae33d2-f11b-4449-b9e6-39fb07739dbf,0
5724745f-2e86-411e-a85e-d0fbd78721fd,0
09e46f95-b85f-447b-96a5-0f27b290c2f3,0
8f00d9ac-9cd2-4064-9813-88b2c0c739de,0
92032a97-4f36-46e0-8026-4c37454cf406,1
63b6385a-0661-445e-9662-2b7cbe437b19,0
d2960a0e-e4ab-4aaf-9e58-89364c16d0c0,0
94dfc23d-c259-48d5-aabf-4ca3d0a494b3,0
1d30c4ce-8420-41b2-918a-8f3754801d43,0
c96c5759-0c34-48ad-9579-0675aabed028,1
6e62011c-3a2c-4fd2-85e8-92bc8a9d7fde,0
dc02795c-de95-4f22-a6d8-4421706c40f4,1
a7b1b076-389a-413d-9c4b-f1c9006cb724,0
2644f1df-20de-4a3c-ae38-c8f4990585ca,0
c3371601-1e80-4aca-8af7-ed8be4c20043,0
3572512c-7f22-422d-8297-a197fce04c64,0
eba4f467-ce46-4a15-a5bf-548f5f2193ea,1
32c6924f-628c-4156-8d0d-60b217d22d5b,0
c7498a73-72b0-4a01-87ee-95d0e9692673,1
d77e9927-76ea-47e2-83af-18f986ff0d20,0
1bde8113-ad79-4d69-be7a-69609ff0b638,1
1895f6fb-4360-4f91-b04c-32983a430779,0
6e999d5b-6ae5-43b9-9c5e-d8c525a85048,1
0e5acf3f-ebc8-4825-a1ef-484a04bab6e1,0
7a7665f5-d928-471e-a778-cf6f3ccbcfb0,0
f521a878-2ed6-4d2f-855e-d35ca38c33e7,0
2bb2f515-e45d-40b6-b282-0634a14939d9,0
c0070b85-2696-4a15-be09-6d1edb362209,1
57ee5fcf-4d58-4a7d-88e5-cc9410a8181f,0
cede47a6-0f52-4360-8cf5-d078704712c6,0
604335ee-047a-4efb-a2e5-b7f5f15ddca3,0
68ce59d4-0271-419a-8a35-a5b4cd646aab,0
b5c3720f-f496-423b-bc8c-3bec0b9c109a,0
fa8a3945-8c9a-4211-bfd7-cb169966564e,0
cc3fae0d-bbca-48d6-8f7b-6f4b9a35d576,0
6b43b45e-6408-4e05-9ee6-a4b814fb2592,0
57f28bc3-29fe-4234-94c7-e120da798d6e,0
ac1a9f1d-4e2a-4898-ba9d-0f87e8ba0116,0
3335d985-9a6a-4289-9159-49a8aafd5ac4,0
d7e63540-b2b8-41a4-ad44-627dd69544ae,0
1252d0ef-b3cf-4a49-bd69-874bd3c0cc09,0
31df09b2-fec9-4974-85a7-4e1fb18a8bb1,1
fe093c30-1ab6-4da8-b880-00ae4f101c3f,0
f1814ffa-ae06-48a0-b3db-77c970feea77,0
3241a232-ec0c-40eb-afcf-993e651086be,1
fabe06ea-9d40-4254-b5cf-12aee0975f53,0
87fe5418-5550-4ffa-979a-4237b6141fa9,0
d7d44b6f-1cc1-46d1-990e-b44abc5d34fb,0
1ad3255b-4058-48b3-a466-d1fa452974fc,0
bbe4301b-1cbd-410b-bd08-ab56c716af2f,0
7ac46838-19ad-4ac2-bd5b-b2f84bfe42c5,0
6e726d5b-f4c1-4f70-a607-d22faa2d94dd,0
e7ad3924-0c9d-4b94-a9dc-9f40bbb19d0d,0
955a3ef4-0b79-4f7a-9c15-e5ac7bb0758f,0
81320f9b-93df-4d2f-b151-ebd7c609519b,1
47a51406-21c1-430b-9339-c4d17ece23f0,0
9b9a60a5-b344-4d98-9ad8-b7effbfe7942,0
bad0d5de-4683-4a54-9859-d42f98cafacf,0
10d1fe3b-f91e-4736-9aa1-520bb35ec2c3,0
5eaee876-032b-4aa1-bbbe-acc9e7862833,0
92f7cbed-7a82-465c-a9ec-447f8ada0165,1
0fd80d3a-b69e-44f6-91fe-31b4c3fac0da,0
472698b7-9a53-42c5-9da4-7a08b7a74330,0
ba5c93a3-546b-4f49-9d8e-74cf5d42fbed,0
c4703ee0-8088-4148-8a14-f5329ee96280,0
7b94bf44-894a-4cc7-abd2-85dc02a2a46e,0
e904c80b-4573-4ee8-9892-53fdd9760019,0
37400ea3-0527-4233-950c-238697417f78,0
1b1a50e4-b35c-407e-abb1-74b0d65c1800,0
c655858d-6717-411f-b8d6-56ae51f72edd,1
a5a520cd-35c0-46d5-932e-6eeacb87e9e1,0
a5a263e1-d79d-435f-a983-e3b015ede991,0
61071654-e2af-4ef3-9359-b98a24369074,1
8f24bb39-91a0-4c41-b842-b97a7b38e6c5,0
ebe9db28-ef43-4bf1-83d2-ffddb6f2b139,0
90896bea-ab12-4e01-b4d5-ba8288d9e141,0
667ccc05-a4af-4ef7-b785-41f9b6d05092,0
ba11f0c5-86c9-4e9c-8cd7-85212d426110,1
4f4b4423-e234-4afe-a977-5cc3b0cc7489,0
43a3e04d-6e5c-4c25-9a0f-9d26a4b91e20,0
dc8e7e58-fb4a-4914-b034-45bc72e1f144,0
3510bad7-905c-47f8-b1fe-42c99596c612,0
33a64d09-1549-4bc8-9367-7936b9f10e21,0
1561374c-1491-40ac-a227-de48954925b4,1
577c82b2-e170-471e-b89b-19d0fbc50a3c,0
405bb0db-fb20-432e-828d-50cb78e1d1f2,0
6654344e-6637-41c0-93e7-6c90353233f6,0
1ca64275-10ff-4c04-a0a0-649de0f6490d,0
083ddda7-01bb-42e9-a842-633ee4a450d8,0
960a8852-9955-486e-b4af-ec455a8c8f35,0
ec9208e6-0f5f-4e2f-b6cf-6da891c8ea93,0
fdd6ecf2-b4b4-47e0-8935-7c54920d04e3,1
7be30f52-39ae-40c8-8fc7-5d67ae3d0be5,0
d31ab264-2b32-43a7-a087-5b44a03a1dd0,0
e7598322-e8d6-473a-8984-74d279e70e50,1
e0f5601f-f2a7-4544-8dd5-8cdf86041d5c,0
2561e7b9-81de-49f6-a0cd-54352ccee771,0
4ac93170-57a7-444b-92b7-48021ba8210c,0
25198651-b4e4-48ab-8bb1-dd28ced4384f,0
0a100ec7-f6bd-4ab0-8473-06017af18400,1
fea7256d-203c-492a-8a17-079ca02e6b03,1
c6cb51cb-0e14-417e-937a-97480d067a96,0
a68c3777-6cfe-4798-9db9-953057dfc868,1
c723ed27-3fcb-43b4-8609-a8865fc11a84,0
dd5d5147-4e18-4fe4-9076-3e3c7061f121,0
fd5695b8-03e1-4879-b345-369e270867a8,0
857a7d02-dbfd-4051-ba0e-db31facafd7c,0
331d5cb7-4f9d-40ad-bcf2-a222ec960cfc,0
16855c95-6921-4291-b177-822032ad50bc,0
82543ab2-e77a-4913-b2cc-5aa67d0c262e,0
f596b3be-42f9-4b20-ba64-63cafbf826e4,1
8601d34b-d1b8-45be-8cfa-de499ecefbd7,0
e83fb38e-f60d-4e12-9547-409998da3199,0
7f41e443-47d8-4889-bcb8-897c77f81fe1,1
adb4aa8f-f34e-462d-ad93-2fd19b5a4208,0
055c41ab-dfbc-464f-8719-36995426bd2f,0
7c225bcb-a4f6-4444-bff6-371a5c460f0d,0
f72fe4fd-b292-4010-8cbe-95508bedd2fe,0
7feccabb-b847-41cd-aa3e-f96a8244958b,0
ef0e8f62-0885-4683-a2e5-4833c35f0d8a,0
a13a4c5b-55ed-4e62-8fb4-7734a5724beb,1
b4db9bb7-aec0-4d72-a048-49df8ec3144c,0
7d9adb70-aacd-4959-a10c-ebb27d0606e3,0
431fc9d3-3a26-46ea-b085-ea8baf21911d,0
b8647139-4cc3-4ab8-bae7-ebb7a368ce52,0
a6a8e233-f64d-47e3-9020-543f76d26221,0
eef9ed7b-ee6f-441e-bab4-83393e70070f,0
f9b968fa-0016-44e8-a16c-7419404cf620,0
db2a2026-a336-4ef4-b6c0-997110d9940c,0
119858f6-7cea-4922-9a1c-bb5eba93ab17,1
dc883747-3421-4db5-ba4c-d9b06ae3de27,0
ce933ac8-f872-4eee-88bd-984ac5338505,0
f11317a0-b23d-4cd1-9f22-457f3e948d40,0
bab34cac-ccf9-41a8-b801-1a1792b707f0,0
e5a1dfc1-4b5c-490d-bc84-a937b5900e46,0
4045ef48-e65d-4b7d-8358-467f7eb3a9dc,0
46140041-cf4a-41ff-bf85-60afdd36d954,0
72f4e7b0-3e11-47ea-a2eb-8949e2ce7412,0
390b6121-460f-43ca-a408-fb4e3a00585e,0
7e17f130-8ae4-45b9-96e5-31cc551b058f,1
f9c0965f-21eb-436a-83d9-74cb534c9cd5,0
a24bcc0f-a478-4fc1-8ad5-cf42b60871bc,0
0985f79f-d4c7-4b30-8856-3f974b3dd447,1
67dadcc1-c021-474b-a44e-b786485841e8,0
d845e9ff-2ccf-451a-8ac6-818e8db16133,0
68dcb746-a4f7-4e54-bd4a-1ccb915e23a8,0
dff4982a-f681-4bc6-ae4e-8738b4477335,0
ec12520e-9a06-4a62-8a81-99dcf38d789d,1
7a202f5e-7a9c-4384-85f4-e1578b0382b0,0
c2d025c8-66af-4cb2-892b-2e766d2fb0e9,0
837a363d-8888-48ff-98fc-4dab1836729a,0
e4921d15-1adb-477d-a4c0-f9bdfb783243,0
7ebbbf10-dcf3-4005-aa90-1fe3a8c849ba,0
64305a4d-9a74-4283-92da-941c24d60f59,0
24b118cc-162f-4ed9-bed6-36004c09a1b1,0
1d40f910-13d9-4579-9639-6d767d89ffb0,0
4c12ba98-74a4-4e7e-bf82-7706ee6acdb0,0
b6e6ab28-b8ff-45f3-91d4-d04217b57b86,0
5aca988c-50e0-48d4-9b81-187a6f684e0d,0
b8defa4d-7ab6-42a6-a70b-1e33f73e356c,0
b5e5379c-d917-4672-ada2-842c9b58cea2,1
288bd947-887e-405e-8cc1-e4da55d42439,0
f2daed36-d06f-4a42-b612-ad7f2fdfbd02,0
7dcf7182-5d4c-47b6-b5b6-4e76331e880f,0
a128c3c3-6673-4d6f-8d47-333db79857e5,1
cd97df17-5317-4c12-9f9c-fe21cfc3c435,1
b6de5e6a-9512-4192-ace7-d0ed2828cfa1,0
96ecef6f-8eae-49bd-adea-87efc9b4a3c0,0
4f7ccd65-a506-4077-a981-ac8ecd1d0f2a,0
e607be69-89cf-4def-a47c-f03b547a4fc6,0
1d9d0807-44b7-4a2d-be50-2035f7e7706f,1
de8f380c-aafd-47b6-8596-e731383ab3ce,0
7700eeeb-f042-422a-bb92-229758b8a853,0
a3c28d38-40aa-49a7-b188-ea55e38673cc,0
b0ebee70-7f49-4329-84bc-c5a4bdfd5740,0
e1a573ce-0aba-41e1-aafc-b40503e7749f,0
9c68b5ea-605a-48e3-bfbe-3881a2956413,0
e13d5921-eb14-40a6-bbe7-773528407ee4,0
68c32046-f889-4e39-8773-6f37e644ef42,0
c90745f4-0dd4-4114-8a1e-8655e9972dd9,1
6bef3c10-9be7-4c4a-b2be-a18d729570d0,0
965269fc-2357-4395-ba58-45847e1838dc,0
cf88014f-1193-41fe-9f17-aeb6e3113670,0
07bdf1ba-d268-4694-898b-76b92da0d9a8,0
5faddc39-a5fa-40df-8ded-920f78ad2303,0
70cf2416-b672-4a1c-8ac0-54f1b0376971,0
7208275c-a9d9-48b1-8b44-e72f96364d71,0
0950f539-52bd-490e-ac35-0234e298da76,0
6f1a701b-a2b5-48a8-8feb-4b57a2ac81be,0
300cdd26-8824-40d9-8c9c-f89e22bd05d4,0
2bdd6358-7e4f-4df8-b62f-b3804144ded9,0
1a969fb1-af8d-44a8-87fd-84400ec9fe09,0
7fedd729-0409-4983-a6b1-8b9a7d1bc0f9,0
7133de36-f8f6-421e-bcf3-157211d5822d,0
f4e040ae-c307-4436-99c7-6443e90281a0,0
bd8fa021-2fca-49f3-990a-aa1a4558feb1,0
dfa95382-f755-4a6a-a5b8-c765bbfc0501,0
13cd6c86-f141-4755-bd9a-9928bf96cfb5,0
ecc56c04-f382-4439-a370-403919288774,0
c15cf099-754f-4048-94d0-a6b3b674153c,0
d43dab73-d541-4d69-973a-de717ca7ff37,0
60aa3c9f-eb08-4deb-befc-75014fcf3d7b,1
58b8d957-2076-4890-986b-4a4779d5bf1a,0
e2269448-dd17-49d4-abe1-0a60fd14b07d,0
6a07125b-00c3-4244-8ea3-7986528d00cb,1
4cbd9928-496f-4db5-9a26-08983abba2ff,0
48d007d6-1181-42ab-935e-bb6bb22d3242,0
66f85196-ced6-4632-874d-b8f97ec3e87b,0
2023ff1f-bd41-4b2c-88c1-f79405eee7a4,1
a6ecaf16-9b47-413c-90ce-fd8dd14b27e7,0
e4539196-8896-4c46-9e5c-439a04f76659,0
2ecb2b45-c8b1-4ff7-b2e9-6b3572698981,0
05f60988-c3db-4780-a39f-c4cfacd2b7b0,0
fe0fe79a-5d0f-4212-aa4c-70e22d3933a9,0
7a943730-b124-414b-b67d-b941daa34591,0
37425387-3e5d-4f99-a30f-e6df1222e449,0
5245d242-880d-4dc5-9285-fc6264ae4e06,0
1bb20a5c-4755-4cdd-8894-e3e68ecfc23b,0
a1bcca02-a0dc-4aea-ac2e-ab24ad947a62,0
7433b373-a3df-4e45-bfbd-209dbaa46e21,0
abb0d778-b434-4c9d-8041-8ccabd759420,1
aef437d5-d231-4013-b93c-6d43a0eb4d63,1
2bbbc851-a8fe-43a0-bed3-2a515e175688,0
723cb839-d74e-4958-8766-a5e7f8218460,0
9afa2c48-4a2d-4186-86b6-4725cc6cb397,0
a6e6bf9b-6217-44d6-b920-f17a2afdf212,1
a9250d39-c78c-4490-a8d8-1c6855f52e61,0
d7fcf2d2-cade-4064-9ee9-1589d6fe807c,0
6ef5f0a0-ca86-46d9-bd57-e680a9778ead,0
6d5751ea-5b4e-4a3d-8c49-fd64d8ca35e3,0
417eb851-b3fa-402b-a82f-fcecd52fe667,0
5df467a5-f89b-412d-9918-e8e7b5f82b94,0
ac32b966-7497-46c4-83a4-d2d8e1e109fe,0
ee3eef62-05b6-40c9-84a9-53461e4d08fa,0
b6779dcd-96ef-40b8-8cab-cc99b44b5727,0
a119d29f-271f-4223-9a4a-0ad0519dd344,0
5194bd59-8565-47f6-8fe8-75a02bee0021,1
ac6e3afc-bb6c-4320-a518-a953a26350a5,0
f451cb19-5445-4163-b797-41c2bca16c22,0
4bfafde4-5f3a-499e-bf83-ef932bbb1279,1
b2f17e3f-3c1d-41d2-ab81-7d9e99bb4aba,1
bc8e42f8-beaa-4f3a-996c-87df7bd57cd0,0
590d9273-a8d5-4095-a730-c05125737f63,0
31691afb-7051-41ec-8b67-a01a7eebc821,1
d463c3d8-3f89-4edc-93d3-fde8e3e91451,0
4148b629-e713-4ea0-a4f9-5ba7d28d88a1,0
71942bc6-c016-4313-a0b9-9a9045e81680,0
87ea5904-0370-47c7-bbbb-66ed49271b2d,0
1596f841-38a9-4d0c-8b37-a34fac13dcb3,0
a28e336f-4579-4f08-b40b-5b8365673650,0
f6f612ba-9694-43a8-be3e-e09078ea9915,0
a2809379-b704-4b6b-b0c9-4aaa1fa82f68,0
25e7a02b-3458-43ff-af3e-7dbdfc2a4d59,0
21bb03da-6445-45e8-af0c-acad402491e7,0
2c717dab-c852-41fe-84e1-655727e5d72f,1
5b343522-7c70-4ffd-9122-244397df9cf0,0
1c7550a1-174f-4661-ae1a-2ca2a2520dfa,0
b78447b8-d372-4485-95b2-bd051064c726,1
a0d7ac31-2862-405f-b266-df5d1eb2aa94,0
984aadb8-53f4-4bbd-a21c-ee35978db4da,0
1e2967db-26c3-4e22-bd44-8f8c63339144,0
14b945f1-f8d7-4dcd-b757-bef5e7359786,0
fd39250d-417e-401a-8061-78ee63adbf81,0
63d0aaae-25e0-4cbc-9fbb-40ec74aa9955,0
e824bd7f-3270-45b7-880b-756e57834377,0
7fc55863-a1a9-4799-b089-04bf4b0bd7bf,0
3e59a817-6d18-42dc-b804-5436779cb064,1
8f796fa1-75fd-489e-a25a-eac80d6f2147,0
d34e8172-42eb-4b3f-8d02-3100fd6d1031,0
002f94de-e026-4bf2-8215-add8bd755774,0
55b103a2-3457-4555-954c-9684c565b940,0
af816a92-7ad6-42f9-8240-6b9313196f02,0
8cb14e3b-3bac-4f25-85db-15f5fc55fcf1,0
d73c4c5e-d1d4-4c9d-8096-bae9a31ad3ce,1
9b47d8eb-d6a2-4621-b90a-4050b7629b8a,1
8254a503-9e58-4d2b-8e4c-7edd3c1e7f7e,0
90fc0ecc-14d4-42a3-9aa6-ec3da6789972,1
d3f4d09d-cfe9-4495-9b92-5aae2eda44cb,1
fcd0de3a-bc28-4067-9a26-ed07b92750dd,0
16d1fbe1-1342-420e-805b-eed48a151ce8,0
eaa1387d-0c48-4fdf-932c-ac4e0e0289c1,0
0ec003e3-cf25-4342-9164-790913250846,0
bc2caf2e-6918-44ea-b2dc-c4f6019fc7e3,0
0ccda36e-e689-4374-ae46-9413fae3efea,0
daea85ba-f52d-4b3d-950f-640d45681aea,0
bfc7fa67-c959-48c0-adf0-9ed8c088e0f2,1
43f584fc-50d0-4d0c-804a-2de0cc4bd880,1
638abba8-8491-4c43-b1ad-d5fbfc6de09b,0
351f2de7-9091-4a0d-9d85-37ddb3127183,0
1f800e46-de35-4d33-8630-f162ca183d84,0
de31f025-b4a7-4fec-bc34-ef158096fd41,0
59f6772c-af29-408c-95fd-9d3fb54cdc91,0
4c234495-8d7c-458a-8cca-a41eff50a988,0
3594b407-2933-4d7f-acfa-293c1fcba090,1
8c80e9d9-8bef-4c4c-89c7-5e1010e51ec6,0
11e2922d-a159-4a9c-bd1f-9fbfc5a6ffac,0
cccba4e1-b509-4db2-b5cd-166719c6c733,0
be904ad3-d1b1-4bb2-80af-22290581671d,0
47c14a11-aa9b-4ffd-a26c-b102a3c83de2,0
35fb3a95-a1f1-46de-8f09-9b19b2129e65,1
008b9fd5-53b0-4adc-831c-fcf4cee21e8f,0
541ff7be-789c-4c8c-b109-5eefd2224d93,1
45ce6cbb-ca51-44ea-8b4f-9a229b6effb7,0
d3c1be43-03c3-4399-b590-28a8c45cfb7f,0
d697e968-d96d-4f8b-a7ac-2efe7780c127,0
5c4a1b49-2d50-40dc-99f0-335a1aa9f129,0
1985a33f-e380-4c08-8326-00e9de50aad2,0
bf5fc5dc-815e-4e49-80b3-ddaa513cc026,0
e815b1ff-d30e-41d6-a799-0bf79004b9c3,1
e39b2d35-18b9-433a-9a4d-2042cb89858c,0
6a8a934e-2962-458e-b848-29adb96b32f2,0
727a89c0-e241-46a8-8eff-1e3bf6507f96,0
75511408-863a-4cc3-9c69-01a1879e8bc9,0
985c6e7e-0620-49d5-b3b5-8a52b28f4bb3,0
7d4a7bcf-f95e-449e-a5b1-f60caad0f078,1
6240478f-de34-4713-b1e3-811d1de7ee26,0
17e932d2-31b9-41a0-9e7f-c0e5c2ddaa4c,0
f8b307d9-fa8d-4789-a870-f78d914803c8,0
ef83fdfb-07ae-4d5e-bc3f-6e14346a5f4e,0
c34b19da-6f6a-47f5-91e3-d90e6dcae6e2,0
b43d2fdc-60fd-4485-a65b-cec2bf10dcc8,0
44abaf25-10eb-407b-8c27-106033ea1398,0
80e533a4-1465-4e7e-b47d-e1171c9469c2,0
cbd0686d-addc-45c7-a69d-bd183059e79f,0
eef6039f-b115-4e58-b3a3-dc1961f4c4e0,0
459f2ca5-d226-4556-93d0-60a274e55f80,1
505a9538-2e39-4a83-bb71-6d69df358a01,1
28701939-9334-4d60-ad37-2e1153e96b05,0
7210a544-0478-44b1-99d6-67fd7838fefd,0
79c638cf-3371-4ab6-8a7e-14ef6aa3530a,0
142c6dd0-29c3-42d3-a100-e27cc5b7e44d,0
a2ddd15b-800b-4d22-a7d4-4249b98e2238,0
0407d195-b689-492b-b4dc-1cf1a8432149,1
63489164-3685-48bd-bd2b-8f75c49b13e4,0
080fbba7-cb21-4e07-8c0c-c91113070f97,0
3cdea6b0-2e4b-4f51-b05b-fc7337c87f52,0
dc752b34-586a-486b-a097-731ae404689c,1
a72ad11e-0678-42f7-a313-cc1cfd62061e,1
d369926a-a935-49a5-8443-904f854f6688,0
587b6cce-fd02-44ea-b5b4-cea1157ff2b0,0
c7269892-d464-48b2-ab00-97e7f72fd89a,0
e25795e6-dc33-4211-b67e-3f68d4a49875,0
46989fd9-cb76-4a07-8402-4124ad7909bb,0
fa1ceda9-fc53-4846-ac13-52a65efed6ec,0
aff9831a-528c-4a87-b9af-6120cec2728e,0
26c71269-ff1b-453b-8d07-df84c15ef9a9,1
effc3683-3fd9-41dc-8c16-7fdb78221891,1
305e269a-77cd-4cf3-9c1c-01e4e5cdbdd9,0
395e9050-d13d-4c63-bbb1-2fa0a5be6113,0
203bc76a-365e-4072-bd78-f583f68e9fb2,0
f0fba4dd-8f0d-4af1-afe0-ee08c90b2064,0
646ce896-469b-4099-8f79-50e5db64171e,1
4323ffad-3baf-421b-a2dc-a067c2875b6c,0
4ab58bac-af4a-4deb-a32b-0519473fd47d,0
38860898-c73a-498d-955b-ec35c22efa02,0
8fc36ab8-81b8-43fc-a17c-e1e244937417,0
f5dad1c5-f5c0-4bfe-b5b3-f484c79b135a,0
1e068bc2-e26d-45f4-87cf-92d170a1e36d,0
3c8ec64d-1b35-40df-b855-fda4b565a053,0
3a9210dd-ace9-475c-95dd-29fc06e707be,0
e9f8eed8-841e-40ab-9236-c33c5366bf00,0
390a998a-8049-49bc-b35f-abd14a7339ea,0
4f34660c-de81-42ec-9c50-4e776c138832,0
f796b875-1dd9-4824-8ad5-b49897148e8d,0
7ca8f56f-3990-4099-b72b-097a217814a6,1
508f83ee-cadc-4c74-a142-53504aca2ba0,0
e3a38650-ba40-4870-88da-cbc4acc9a681,0
0740eb36-d49e-4ff9-93d5-dd8844f13d3b,0
0bf85387-8673-4a58-a9c8-4d9945548019,0
f83ed846-10fe-4e6a-9b4c-71cbfad24e24,0
3dc5e8af-5b01-48df-a161-cf20a620370c,0
94c50b27-a726-4102-8261-cf059fde8abb,0
d62b06e9-5fc6-45ff-a77a-82ffb184c5c7,0
e439d486-dc78-4728-8f9e-a5afc53f962b,0
3aca8e27-1ce5-4e3b-984f-618ecc7b3582,0
cab79d76-0f76-4df6-88e3-b2499a15585e,0
0886dee0-50d4-40a3-b374-9c9d91a36f6e,0
7001d10a-b77e-4c64-bea3-cd819a602fde,0
5984c40c-6774-47da-a05d-7dd43eab43d7,0
b397b883-9279-405e-9342-90006083ff90,0
d8f48771-b223-4cb0-b1b4-6b943be4a2f6,0
95e270a8-a4d8-46b1-8740-8c3343d4637e,0
0ae656dc-855f-4252-9d93-e677ac5ac936,0
95c1eb1c-c974-4a27-a03f-9f0f997a4eac,0
7b7e7f0a-273e-40f9-8d88-262e678f285f,0
5a078fa0-1a90-4d06-a935-903931e42e48,0
375624f2-d474-4de1-9ce5-e014f0a5c3f5,0
5adaeee6-60c4-44ff-a4e9-7ed60d243b67,0
1d8127b9-3126-4240-987d-c4aeed85623d,0
8956001e-100f-42e1-acd6-5084786694d9,0
9cb77ca7-886b-4c40-b36b-3bab9c2fb666,0
1c483612-71e2-40d0-96f8-47cac5e5a68b,0
b72c83cb-2311-4211-9688-bb01b90ef9ad,0
d80a456f-92f7-41f4-8f05-82f15ce5da05,1
e7156093-f48f-44f0-ab37-5141f849a839,0
8213da4d-94ec-4d22-b1b5-b6aabbc303b7,0
4bf4d430-9e62-4019-be75-0102b5a68394,0
10f4ab6f-4bfb-45de-b4e6-5944a384b687,0
3c05b3a7-e925-4c4e-b213-a9c577ea348f,0
d8835e0c-a634-42e6-a1b1-20ca6f433678,0
cb05f3cb-50a7-4523-97c9-6d7106fcf864,0
baaa7cc1-40f3-4e94-84e2-65504d97849a,0
6f876fc6-d3b3-4820-9eaf-892276a9fbe5,0
75661aa2-1470-46be-a777-814925347687,0
c9fa9d5b-eb39-4c7a-b090-d6535475d432,0
9634fe6e-912d-4168-b240-de032e73c1b9,0
3e01a28e-6783-446e-ba74-0ec09c2dbdfb,0
ad1a55b3-90bd-4726-9771-4415367cc9ed,0
c47c7d6d-4b74-4d45-85c0-41fc0396d7a7,0
aa8fd09d-74a8-4079-930c-915f94f3a1da,0
4a0026af-8087-4e21-ada4-0299d395f4bb,0
64368faf-4b97-40f0-b8f2-3513998445cf,1
be3befae-b0a5-4e4f-9c34-9ed174b4533b,0
12136399-8a48-41fd-aaab-35c676055167,0
4e08113e-cd13-4206-9144-f25f1243d074,0
7b1bc557-1c27-4168-86f4-db667c2e0177,0
72964f69-af90-4afd-830b-e7d6f988e97d,0
ddbd92d0-d07e-48ef-b91a-45b260e35669,0
5684d699-f98b-4140-b702-f6710feed4e9,0
582243df-1787-448d-81b0-3939769c53f6,0
444928c0-36a3-4021-b470-a60aaa45c22b,1
8751d88d-8064-4d1f-b799-db185f257e91,0
34ffdab3-ef51-4891-bbcc-aecad77561de,1
492ea625-e128-4ce5-849d-ad76470b26af,0
9aa98a77-635a-4c87-b1a2-a75f99e78766,0
28855055-d3f4-4dc7-bdc1-4fb50f49c079,0
30e2ac94-0eac-4ef9-8a86-67b1658d0e47,0
d18273d8-60cd-441c-9993-5b7e3acf07e1,0
e1b0302f-30d7-4062-8fc0-606d2eac7635,0
cf6daf6c-0aa7-4f12-b91c-5638ede3c864,0
6d56da4b-21b2-4a6a-8894-7fcc3f993a7c,0
678940bd-e93b-4c2c-ae66-2125c1f17cd0,0
9eb6cfd9-d2c4-453e-beb4-24467682320f,0
483ce990-cb22-4596-a9fc-3e17fc841843,0
1d9b6b51-490e-442a-8384-66e9aa5a8016,0
523e33df-9e3b-4b32-a48d-9207c1ef791d,1
8e839248-2070-4c9e-958e-c615b4cf9d10,0
04a185d8-e75f-47e6-8d75-b68d2df684e2,0
001310aa-583b-44a1-8732-dd5588e4bd04,0
dc589b0e-3aae-490f-83c6-281d7e3affd0,0
2fc202e0-de2b-47b8-9c1c-8b53d943116e,0
7da185d1-a8e6-47b6-ae7e-5b0e7a86843a,0
5d42cf2e-84f3-4ee0-b429-12e67ef303f3,0
cf0bca24-c078-49fa-b3b4-a00097f41f20,0
fbbd41cb-22f2-4508-9582-47d9682dd956,0
a98f3200-fee4-47a8-a232-2c5977371ead,0
7095ed27-3b7d-40e5-868d-dda3314bf61e,0
f97eee50-2110-4ad2-833f-878fe6e76df0,0
2f5eeb78-46ef-4d3e-b98b-3c00466ba138,0
3f6ce836-c538-4137-82f8-eb56d18e6f6b,0
51c9a6eb-2d82-4406-9fb2-8b782854f716,0
fd02345e-616d-4679-98b2-b8de5faa6db1,0
e6e21854-0f84-4d70-b5b0-420bdb4ff693,0
bfbdf08a-9e23-41f9-92de-3abba1d4b277,0
51dd5000-6d1c-47e2-ab10-8a4489a6377d,0
0708a957-b448-49d9-bbd8-c0bcd8f1cfc2,0
608811e9-7c85-4742-a19b-ed65c86dae26,0
c9d91bb3-71c9-4205-95af-2ae875dfa23c,0
b73f01ee-3d7a-4c9d-a882-f146238f515c,0
9552a597-ec25-4dc5-a1ea-59c80c87d728,0
00439c3d-5e13-4f8d-8624-d99b94c28747,0
e6c4d989-5255-4c6c-81e8-77c612634a79,0
7244e289-6d3c-447b-8f73-a9d180d87c4e,0
9c8093e5-ebac-469c-a032-a0a258cbd931,0
7f6f3508-596a-49b6-a1c3-e9ece065fcbf,0
72ac46ff-b06f-4518-9cb7-aad066353f06,0
1c6dc315-471f-45f4-ba53-c5ef62b7e832,0
deb49407-3681-4f70-9ed8-4f197b6aa050,0
6f7eafcf-72cc-4583-9c51-30820e7bc557,0
b98d0d95-79dd-464e-b733-0c59e9dcb172,0
fd2fd7a4-acf1-48cd-90d5-adb9ace74b7f,1
beef6239-e27c-4c16-83b1-6d0a22e9f227,0
be2e4109-2b6f-40ae-9820-28f2754e5ac7,0
c519eef2-8598-4be3-bd2a-96b6cf7db9f9,0
e697b18c-5110-467c-a120-e93a7cd5f426,0
d6346612-d769-4cf0-b9b7-a6c20cd116e7,1
ba6848b4-65fb-4997-af42-26326ed36abb,0
bf5dc139-2495-4ae0-8d0e-f089f7a69ed8,1
44a69d80-9d64-494f-a1e0-a6e0df202c77,0
8615b250-c7af-4dfc-8bab-b6c05a7c38f4,0
047411c0-eb1a-4e96-9e8b-d1eaa4989c7e,0
9c790373-8ee8-418d-8d62-c53e9e2350ee,0
0ccf1c18-85dd-4bca-899f-1b0f441089f1,0
8f6f0e22-074a-423b-9414-a8eddf0f3369,0
ed0deabb-15d3-4413-b8bb-7c837ac44f6b,0
c63141a1-c74a-470e-bf2a-12027ad5c947,1
8f6ed93a-d3df-4b2d-80cf-d36189c66baa,0
d0952d37-c9af-4eb5-a439-168b691afddf,0
ea377f9e-8ecf-4fd5-87d2-f222b6fc7d5f,0
ff6f75ae-4900-4a3e-81ff-28ef4fbdd967,0
1221bc87-5330-475f-9367-1c31f959bb86,0
390c7476-55b1-43d5-9d03-9fcba0cdde7e,0
08ec9f7e-8dad-4ae4-975b-35ad46a6b5fa,1
9e753a3c-19fa-44a6-ad70-c2e69326ef69,0
d70fef7b-38ba-4a31-933f-29dc114db579,0
f6d87caa-0b04-4d26-9eb2-86e560db1168,1
ef8ba3b5-820d-4efb-a3e8-1fb9152fe961,0
491f8b80-bd22-412f-afef-0a4fbac6744f,0
df33ebfe-1cb0-44f1-a57a-8e33207f56a1,0
afd0ee19-717e-4a85-ae9e-bd7a90a77d17,0
b6804313-e71a-43b8-802f-80e7fa7dc9b8,1
0c3f1006-d076-4539-bbfa-f637efb89355,0
35393526-d235-47d6-aad6-acc7f3789a06,0
e6f6dfb5-e2c0-4fa8-85f9-4ffa48b195cf,0
00f4ecd2-d07c-43c9-be3a-153ef21ab202,0
22de8126-edc8-4315-99d9-a847379893e0,0
b33ef8df-bedd-45cf-8df9-bcf2c1627b9d,0
01be761c-0f00-4410-acc7-7ee39cf6a59f,0
c7388a8c-6bd7-4f69-a4b2-79d62d2e1f77,1
e83edb30-90b0-4d20-94b3-b2bd4de591f1,0
85c659a9-10d1-4ed2-9f6f-6a09f7ca5ff0,0
422aba67-a6fc-49d9-8626-8322a9cdc37b,0
93db2561-cd83-42c6-9fef-5fc1ee659b58,0
95ff9a5c-f858-4255-8e82-71b509976855,0
14503d96-7b1b-4e79-84d4-81a7d7335d2e,0
58858bf4-3554-4ba4-81a3-4d24245bb90b,0
09b71fcc-3134-43e1-9fd4-690561ff240c,0
25a3240c-67c6-4ca7-bb4d-cc1a4bc598e1,0
9be4e5b8-6647-4ffc-b29d-f9b54e456d53,1
3802aebc-3600-4497-aa0e-9480b8c0e016,0
f16cb71f-080e-4eb3-b9c6-83bfbaedb439,0
5152b4e7-4ac2-4771-bcb6-551a9595f129,0
08035d2e-3045-4b61-a940-bcbb3197e23a,0
8384339e-75d3-4507-a6e2-d4b09c3df0b5,0
607d4833-2713-4ff0-a1dc-4d9c2949854a,0
96b30bb9-a55f-4b47-8d6b-9cff72b062fa,0
f995a3d1-6d84-423d-bff5-49395129ccd3,0
57edbf60-9918-4129-9ec5-5cd3ebe375a3,1
1ae4400b-f7f3-4554-b330-98503dc9ab08,0
e2179f17-cef8-4bbf-b8e0-3176d79ba6c8,0
8de89aab-87bf-43cf-9f3a-74852c11c092,0
e0945312-7abd-407e-bb7f-f3a9c55b3280,0
c0fcc50f-9ec2-4c01-a5eb-18a572e3cfa3,0
2f2c2bbb-7b29-4013-9dc6-64bc07fee8a1,0
353b82a2-a0f8-4d28-a9aa-c3ab7f5db853,0
64263cbd-3101-4520-9acd-0e73fdab2e3e,0
16ecb179-969f-490f-afd1-7336ca40ca2a,0
902e58c3-7a94-4e5c-9631-b18df7abb21e,1
1b7343a2-ea45-4f84-a3e7-bae67ccac4aa,0
42bd8237-e205-461b-b2ae-0bc353333bc7,0
5c93e221-be19-47cd-ba27-3487d3300369,0
7baf2bf1-0807-450f-a9ab-5643e1623dba,0
04f3d415-ad7b-4878-a233-27964ccf250b,0
b31cc5b1-89d3-4046-bb3a-552aaba2f587,0
148fe48e-6126-4f34-8aa9-44b6d7ff5d73,0
29c880ee-c94d-4591-be01-d1f0710a6a8a,0
b9de2a34-f02f-4735-8420-4abcad1e6fdd,0
d255f53f-d9fe-4535-8648-0c9ab3f45ced,0
3f36d084-924e-408c-bcc7-3a470283a92e,0
27e9f95a-d558-4eaa-ad1e-05aa308e8197,0
69e9139d-751e-4530-a9c3-88095c26a720,0
1cf879f2-2ba4-43c7-b216-d81395b40f5e,0
e1d900e5-5dcb-4961-b21f-e3538ee4796a,1
61564460-f754-4686-bc70-b1fe0d2edbdc,0
76266d50-ba58-404a-9b36-aab9ce9910c8,1
54dff651-236b-46db-bef3-648c35d1458d,0
2325321f-8de0-49ab-917a-84d336f17132,0
d8db6a4c-556c-43c6-9634-22a9273cc0e6,0
c67a45dc-e7f4-4ad3-a745-32e0ef86f182,0
596a34d3-e13c-4a33-8499-142e11b3d695,1
fe9b8354-d864-4ca5-9a7a-a92b13deac0d,0
30c5ff54-d37e-4be6-8cfa-ed2fb6f5a337,0
5b31348f-6652-414d-8e82-21bebf4481de,1
85a90bf7-bcdc-4ac1-b362-0e337e8f0ca0,0
4573e8f1-987f-4c1d-ac85-6a34c4c07a26,0
cfd563c1-0724-40c0-95ca-5d87750cac19,0
39022925-d5c4-4b9e-b7d5-e0b18ccd6edb,0
3f0786be-f363-4125-8394-4d9ad1f59125,0
a5a2ec75-2287-4311-ad41-324297b56b14,0
8defd502-6a3f-48e9-9b3a-db14a2ba6bf6,0
8a3ba175-3eda-4c5f-8067-878c7713c7b8,0
e45e36de-2658-47c7-b42b-80c28f9ab919,1
2af49d2f-d1f0-4cfa-949b-cb7bc014acdf,0
453946c4-6dfa-4b64-874f-db3736e2d0d8,0
879b6226-a1d1-476a-a91d-ee14cb54f2a4,0
6fc88c3e-b82a-42d4-82d3-4764ccf461e3,1
43c36be2-f7c4-4de4-80b5-93082317942d,0
102275c7-595e-4372-b919-ede6d0c71316,0
dab7070d-657e-4b93-8b63-3c95df0a88af,0
5ad5a71f-5380-4784-bdec-e263593dd76d,0
56dd8457-0074-490e-b387-a624f17e5e2f,0
56329d05-1624-460a-95b0-a9054090bcbb,0
99d7ed97-69b0-4b75-8c40-cd4613df2073,0
4ce7ce3a-37b5-45da-8a60-c01fbc23988e,0
d23190ee-87aa-43a7-9510-eb4e352baf1d,0
fe328510-8e4a-435b-bcab-9f097d277eb6,1
f3679ad7-ef36-4463-9b45-63d1f6efe3bf,0
27a5ae65-2bf2-4ef9-b9f0-7a9fafc7d316,0
568acf65-d459-43b2-abd2-48e84cee40df,0
e0714b2b-b49e-44de-83be-3aca66d5536a,0
d0945e2e-6145-4479-aa91-7e1015b75bd9,1
c2ebbdec-685b-4d79-ba26-c6d95639e4c1,0
87fb17ce-d7eb-4f04-a370-a08e05ebfb4b,1
668ef6e2-d8b9-4c14-a168-6065b7caa718,0
5a7ee2d2-2a05-4267-9005-1fdddaec31a4,1
6484c595-91f8-4e9b-92a9-a90a48642036,0
ce23d09e-6ce9-419b-aadd-77b9392375fb,0
b1fb93eb-f3ce-4441-948f-93346742e9a8,0
b4e88ede-c782-4940-9aee-9e4d4b6dfc75,1
bcd8a88a-4848-4dc1-81f7-51b95bdb83b1,0
af098ed1-9166-4135-90bc-65e8f01ce646,0
eb06564f-102d-4e5b-9414-25f79a0439c9,1
e69ae959-ba88-4fb4-950d-290b1ec77da2,0
f222ebaf-ac81-428c-a24f-4617d853b6b6,1
fd35377e-2989-4edb-b0b5-a7985b3cd53d,1
7adefa10-8e58-4ec5-b2a4-f0f2e84b002d,0
f8b64152-6fbe-4cb5-9ddc-b44043abe9d2,0
ddbe80e0-2781-46ab-80f2-cdc2480996d6,0
447e8988-2eb1-4c79-8ba0-1d8541723dc6,0
3fa9c828-ec5a-4c88-91c5-634c09717f3c,0
d6eb59b9-6430-41f3-abb2-a4b8f1d15e00,1
b5fbc6aa-7c40-4553-b9ed-649cbb93e4d3,1
1e5f3756-6d02-4729-9ddd-eb2f27c1bb00,0
ab25697f-5c0c-4f18-a3e2-c3a301d638b0,1
1f298049-a9d6-4865-98bc-11166e203a2b,0
83863e66-79e0-4b7c-82d0-62797c12e565,0
ce58e873-d6a5-4ad7-9a6f-f4856f52df97,0
38385c81-23ff-4be5-b5a6-f54482aa8739,0
f1744d57-5f52-4f8d-8531-272ad4758edc,0
116b3606-7cc0-4fbe-adba-cbf27c44e7e3,0
3e3aa11a-cd48-40e1-96b3-6702bcb9803e,0
54f8f3e8-1871-4bc6-a27c-ca06ffc9f31a,0
c2e1f76e-5b71-4fc1-a9ed-2443c866bed1,0
8e10d1d0-9c9f-4164-9442-b8e48a6a1fef,0
f6882c2d-4849-4ad1-9f1c-3fb25a3d84c8,0
1617c69a-fed2-4985-838b-c118ec448e72,0
3c9f355a-1695-41bd-a06e-bb0ec64266a8,0
7259a12b-9c89-4796-95dd-77a83f06df15,0
3d3f80e1-bbdd-40ba-bb9b-933e1af060b4,0
bf43e1fb-8578-411e-a0de-68e203bf9fd7,1
3599d0ee-8eff-4cc1-a6d4-76fab52de51a,0
7db1bf73-cf38-424a-9c6f-66173f681ea4,0
ae8a5986-da19-4860-83d6-0285679c641d,0
96991350-6e29-4cff-941a-d2a3aa5f32f3,0
09d86da3-fbdb-406f-a1a6-95853c80217f,0
23d91c4e-d914-480f-a2b1-873f483e5969,0
49747161-9a70-4510-8a6d-dc37446357a3,0
070a7ac9-1110-49dd-b833-02d851ee260f,0
e6cc899b-9bfd-40f6-867c-68dfd4c4d9ab,0
936ebb86-f4f5-459e-b6d2-f760d390ca22,0
aa7bb6ca-914a-4b8c-8947-c047d29bbfd1,0
24b2932a-35f6-457d-baf2-1c13d1d66768,0
8c49e168-f470-4ba2-8fd8-38b3b73c7d0b,0
ee86aacf-23f7-4196-ac74-f9661afe71c2,0
c2a0d1e2-cb6f-4128-9604-989ce71c0acc,0
1822e465-dd8f-46cb-8a9f-64dd848b8ebf,0
5d873ebb-d2ef-46fc-ae79-6d7c2bc27fbb,1
cb0ed70e-ea3b-4b9e-ad39-89f9086fdeb7,0
aee04122-58e0-4905-a33e-13ecc1c2a520,0
aed5799e-4345-4423-847f-847de81f4657,0
e16305a2-3782-459b-8934-179169ca7b4c,0
550162f8-5f16-45e9-9abd-f21d40801fda,1
8c46e78d-54d0-4a4f-a939-cc37b321b618,0
604e2a89-3b41-49df-a007-952cf0fcfb97,0
fffd1c9f-878e-4239-bb64-f063ff354719,0
f770b671-de33-42f6-8e6a-a25ad543cb51,0
88c02b8c-b26e-4aed-83d4-1daec4bbad31,1
bc658780-4020-482c-85db-d7a520d90f1e,0
b8b8b0b6-8191-4e5a-a9a9-92bc152ac496,0
31889b0f-ea15-4cc7-9b90-4bffacc1aa70,0
fe3d4219-d017-4747-89e2-26b6b6fd88ee,0
f6766f46-d1aa-4208-8cae-38e41fb88624,1
39a5f4a6-1754-46d7-8c7d-b7d506df1f0b,0
8eccc82c-e475-4aa6-862e-8c1228d55098,0
c9599a6f-dca4-4578-a0a9-95146333b6fb,0
5dac51f8-47d1-4ee2-919f-98a14768e815,1
fc442b1d-68dc-4b8b-9423-f3379a1310ff,1
fb546489-bcb7-4480-9235-df8ca0ab0884,0
0eaa562e-e1d8-4083-8fc3-02d54522ae20,0
3b2249ac-f1be-4ebe-903d-1b4db4caca3b,0
05f5f651-0e62-4d7e-96c5-14a04a2cda62,0
1dfa78ff-736e-45e4-9926-8ab9369e5e14,0
e1741edd-3963-4ab0-9736-8f5cafce8740,0
8a629342-8063-4ce1-bfb6-83cb9446fc38,0
e76adf11-2a82-4273-bce7-259ecea5b1fd,0
691920d9-bebf-43c9-b9b9-7d976a24373c,1
fdbca458-879c-4139-a731-34c87a9bb518,0
44a6446e-7825-4904-8a77-d9e893122ea0,0
d04f3657-737c-415a-9ea2-407663343f4c,0
188f0fcf-f725-4276-a99b-391d2528a722,1
29b3a54d-22c1-422d-9f8b-46a3b3037c05,1
80b9da85-a249-422b-b8d6-30dd2c9c9a74,0
474878fb-c65a-4355-93a7-f8f6f859c099,0
3abf904e-938e-480e-91b8-6598be535a69,0
a1ab171b-a726-47cd-987f-72d98a8c8a37,1
fb36921b-6870-4382-a9bf-594368e06f1e,0
11fbc79d-6d56-4e98-a799-63b8b3144f39,1
331ba28b-2b8a-414d-813b-c331b4e94f43,1
801bfe89-f83c-4605-aa89-5e0f3c8d3e4e,0
b1ca821e-ae38-4d8a-b767-e2dc96c7dcf9,0
ab550072-1f27-4694-8ce1-463c2151c5df,0
2960d828-024d-4232-8697-12d443cc535f,0
ac12b702-2791-4177-8508-194a0ccef62d,0
fbf17509-cfbc-46a5-95dd-17f6c309bb22,0
3d26635c-7d59-41ea-86d8-d212fe95f87e,0
c202fc8c-466f-4c48-986c-2ee7e87882dd,0
8911ba26-edd4-43a4-b70e-f7a8620b2a35,0
f3fb9e44-d712-4c71-8e5e-a8cb3aaeacd3,0
b5a5a73d-2666-442a-ae56-533894dfd921,0
22779b73-263a-4434-aabf-bc198ea04c96,0
ac3c366b-89a8-419b-9ae9-006878d3ad13,0
99e2c31c-4d92-4315-8af5-5cdf7b4dcf0c,0
886eb9ee-5e12-4067-97cc-3b5287032afc,0
8dd33286-0f37-4f81-8d47-2f723c171142,0
e46ce508-5060-409e-a7f2-27cd68c514a9,1
bbb94ef4-b12d-4bc5-a5f5-8b8bcc6ab24d,0
3c9d5c31-90e8-45e1-b428-37cb609b6651,0
cf7ce9bf-02ee-42db-8e37-c50e24dd5ca2,0
9afb8bc2-7b43-4acd-9481-a7e1fecb4b42,1
78ab251c-baff-4c26-a777-79a50734b328,0
be7e0edf-85a5-4c2a-a809-ca05fe169f6d,0
524a5ddb-7268-4d8b-a5eb-2c49b1599540,0
6a9af1c1-ceed-4572-b32e-3692d9d34737,1
b954c57e-bff3-45b7-a892-857b44c36801,0
3a7f5793-8b33-4ba6-8fd7-ad0818c0e8e8,0
73f13a5b-d77d-4918-862d-c3c301bb0051,0
a6a50efc-9d36-4109-a1a9-74e7a0c03296,0
470ae020-17b9-4faf-ac5a-19f19fe656eb,0
ab2889b1-f920-4625-bfa3-65aa676956b5,0
7e17622d-fd83-41f6-9d54-3f3ef66fde4c,1
d84fb84d-2ac7-4ea7-9873-1853847cf897,0
ab54c713-4eef-4205-acca-a8e12315c468,0
ccbbceb2-a849-4489-a4ba-c75a113bf338,0
18268963-a7f9-4677-94de-97611a1c496b,0
345a6585-3437-417e-9b2f-e98c058788db,0
a74689af-0e09-446b-a22b-142ea1571bef,0
3622b17f-9c02-4f4e-8563-d24779b6018f,0
651bf421-6d3d-4177-a8ab-8a97a33db4d4,0
4ce36176-bb7c-4023-b93b-be16d641830d,0
691e9f4c-5727-49a1-b05f-000bef02883f,0
61becdbc-1f5a-4feb-bc6b-fbde8fb0d3b5,1
1b5e8b64-2df8-46f3-bb2a-f6a9b8e2f64f,1
d1db0528-8729-4333-9c03-adbe127b1f81,0
443925c3-0fc7-43e7-99e9-934bba94e016,0
fa834a8a-d07f-46a4-8025-44f04160e370,0
6b3f0638-16c0-4135-8ea9-684ea360e94e,0
c92ac3c9-4bfb-47a9-acbc-313ccffd0a01,0
2d148d02-f52c-45cc-b958-073f2815cf6b,0
6ee1ba9f-004e-4a07-aa63-11ac1442014d,0
f02872ad-2291-40c9-a5cd-a465518dc499,0
d55de101-a29f-422d-8c74-e0be46c15bd8,0
7991d3c9-e9f4-480f-92db-5a664a4399c7,0
21a21e97-b666-49e2-897e-f0fd0e1571b1,0
3b092e53-3583-460c-8e1d-413ee1368d89,0
5c1f6b5a-50e2-4e30-9bd9-d5ef7f1d12f0,0
d688362b-066f-4ddf-b2a6-fbb50ec3235f,0
5e6d9731-daaa-4e7f-86b7-46a0d58d33cc,0
3f701541-f2ed-4f5d-8e61-45fbc565834b,0
32f9267b-690c-4c40-be18-d54c717d76e7,0
30e2ffa9-a42d-4c8f-875d-1e85bbdde81c,0
850d2081-9046-4b02-8ffd-4c3af4ca92c2,0
16ee6002-f770-41a8-972d-d01da11fde3a,0
fde353e1-5e41-4d1d-a41d-f0824eab8fc1,0
1f12d2a8-ee55-4cb3-b22b-82d6fb772053,0
4a3c87ed-3a6c-490d-a9d0-fd2c96e7d80c,0
e814610d-356f-4a3f-8468-d9358eb2e3dc,0
7c6a143b-0c62-4b74-bb9e-d4a00d9a0aa6,0
b441266f-d328-41c2-97b5-25a5fea3d6dd,0
00e76bf6-b784-480d-9000-ef4e850b6839,1
216cfa78-8df8-4cab-b4ea-38248e9b2e5c,1
cae1a91d-1037-47ea-a773-615b4d49a253,0
6ea00ad4-d4d6-44d3-b56d-cbf209b5e7ae,0
93f08d10-b825-4af9-b036-382d9fb49f47,0
1683cf39-c530-4fea-91e4-aedf144cbeb8,0
664e0002-5456-43f4-9917-e7b494408147,0
fbf2e0c6-74a5-46d5-b8dc-81934aad32d1,0
92328088-578d-4556-a39d-9f9df45a7d60,0
b25281f9-1830-412b-b7ad-cabb395fc030,0
55326c06-90bc-4f64-be19-c55677e26386,0
754b101b-cea1-4981-9ac9-80ef55a0805c,1
41d35b57-f984-40b2-846b-c933b13fc58a,1
c37e2b9a-4a26-410d-a9d5-c93c0eb27c74,0
d0396783-3768-4bfa-9c88-eecddb35bef4,0
a1c4ab96-5363-4a1d-8f43-26b6809ae9f4,0
1a38f730-d634-47bc-a4a0-6594d3c822ab,1
d59c791d-0777-459f-8754-8fcd53448cb2,0
48944f86-e84e-4be1-9a34-a6507587c613,0
e98b0830-317a-4849-bcff-39d45645ee0d,0
b57ada92-62da-45a3-8630-3f8a657e3a39,1
2b65c7e6-6fe0-4a98-bfcc-711afe87f5b5,0
53cb25ff-42ed-40e8-92f5-a24097328339,0
a72da6aa-2766-4e11-a402-a0b7bb07b426,0
141659d9-0465-4805-b3f9-97225d6b6d08,0
18d7fe20-3193-4b0d-b542-36858c54d20d,0
70c46c26-edce-48b8-aa0e-811cf34de6b9,1
8fa4c209-aee5-4456-99df-3b08945dff9c,0
4d7c04fd-e476-46f2-a829-0b8cb2e5dac1,0
85022793-d39a-454c-afac-ed217e3f363e,0
d78105c0-dc64-475e-84f6-24126baeaa13,0
cea62d88-2c2f-4751-919c-8ea031adfdc8,0
b6610687-c46f-40d8-9ce2-3c732aab6838,0
70fa4bb1-5bec-4f3a-bfb7-2659455bcf14,0
178bfb82-b997-4c01-8518-583423fa5597,0
ef640543-e46e-4afd-9ce3-43a584d7931b,0
e8c159d3-3971-414f-9881-64d579ad36e0,0
33849950-78ab-4af7-bd00-41510f2bbbd8,0
7d037858-ec65-459f-a268-0a45f3cbc07b,0
f26c5107-5d4a-4b4f-869b-210973aa7383,1
1ede1a19-5055-465d-80e1-23f5f8c0e553,0
a09bdbca-f743-44d9-b073-83082c65cb20,1
8f30c7d6-f698-4b8f-8dcf-6e21a00274fc,0
5cbd3963-b0ff-49f2-b203-37b44692b2d4,0
54f88974-f89e-4648-935c-10cc5bde8adc,0
70a0ff31-36f9-4008-b88b-5630abbed1ff,0
b485a438-a732-4135-986b-877dde905393,0
5d17666a-901e-4a5a-a6e2-8fb4ee0f8cd7,0
c51a9aba-57f6-468e-8d8f-7d9fba66451b,0
4cc67c27-79be-408b-84d7-aad5668ff13a,0
83ee9f39-8b8b-4384-8109-7ab6af049a64,0
be322748-a659-4c4d-81da-86c87e68ec55,0
ae8684e9-abb8-461e-be57-abcefee61ef0,0
ac56eda8-9bea-4f55-a66a-7cf5210ff7c7,1
4eec008c-1af9-4775-a912-e29c60dc9e7b,1
27eb7432-474a-42b6-95e1-c329d4c87e27,0
d54ed833-9440-4093-8d0d-3eb087e1ec11,0
bd0e984a-7bf7-4ce3-8c4c-26ff1dc59bea,1
5fd4daf5-fffa-4bf8-b55d-9e5bedda1742,0
e6dfd104-ca37-47e4-90c5-8cf55ba0fe1e,0
09d304bd-63bf-4942-897b-cf08bbe665b8,0
af864d92-44ea-446c-a990-4b7ecec5a283,0
b6a90332-a718-4cb5-b2da-1fbf9a3248cb,0
23656cc5-84f4-4b50-ad4e-3954f13b1c16,0
cc0ece52-fa53-4674-9f73-b68ca2acd529,0
d7d969d4-8fb2-4409-aa78-97c163bc4fc2,0
7d054150-a3c0-435b-82bd-057d3e9a90e2,0
a4ef18a0-8672-46f6-a9a3-bf217f6977e8,0
9b087c75-914b-47ca-b4c0-c470c3ec1855,0
b8be3944-4811-4a21-b2bb-9dcd8538e53e,0
2782f133-eb9c-446a-9c0e-5225c91b473f,0
87cf168a-fc2e-40c8-a00e-eeab40f96c5d,0
462e54e4-26f8-406c-8a62-6d2881bf00c2,0
ed187543-bc2b-4d3a-b086-924a89c84a9b,0
b27153fe-9189-49ce-ad71-cab4d445746c,1
1773dcfd-6fc6-4387-8b11-9a4c27dcb91e,0
cd63f156-2095-48c9-a0d4-f5ce40c670e4,0
21488e48-a912-417a-b696-80b20859e2a7,0
38bbd8f2-6b48-458f-a9fc-33a353974962,0
97287911-e8bf-4e5e-90b0-3d16d45d10c6,0
caf06691-3272-4abe-b769-32985b6397b6,0
2a1fb1cb-e8f1-46cc-b274-232334c5c06e,0
adba1831-1453-42aa-8d01-8573d10a73c9,1
8e440cde-7933-4388-8ea9-73c36fa7b214,0
a92143e6-5d50-42f5-9ab2-db8ab71a1201,0
c03cdbd1-a7b8-4deb-ad34-ae53148e9552,1
bf1c25fe-90e5-422e-8d2e-cd4049125930,0
4ccfa588-9ba7-4eff-9807-f18ccd875ed5,0
e43bfe3f-11e4-448d-a2f0-1d500fb1f6bf,0
f6f02aee-91da-4dd5-a577-dc2d05bf0844,1
2d7265a5-8090-4df5-98b2-efb5c91b3d57,0
22a9c862-a274-41b0-983a-3664c6711eed,0
1f2d7608-6757-4043-b1dd-53fb690fdf90,0
9acf549f-26ef-4041-bedc-6755604ce110,0
a626b853-7bdf-46c4-b93c-65530f1bd492,1
b527419a-3d44-4e35-b648-5b93e8d40771,0
8ee0e60c-3936-42b3-b504-b0b9b8c80cd4,0
1aaa6ec4-1ba2-4fd1-82b2-be3c62a5c6ce,0
008da687-d267-4610-b829-cb0c3751d7bc,0
c0c0d570-d160-4e49-aff2-2e8ea5e7f84a,0
3c0a27db-eb75-4b93-b9ec-2ede8fede900,0
b97d0cea-dd97-447e-b297-44e8138d07d9,0
ab64d208-d2bc-4459-a3e8-a5772195557d,0
b97ab129-13b2-4b5a-9387-47d6117f4798,0
c06d3c2e-5c2c-47f3-b885-a74101116328,0
aea4db38-9bb4-4484-9e9b-a2094bdb5045,0
906520ea-7650-4bc7-a731-7b28a3581f8e,1
902c2480-a2e2-4c6a-92b9-258b245e51a8,0
fe23d6b9-d245-4a2c-ba7e-da6f554f9c87,0
2148bce3-d1cd-4597-9fa7-c4b732c6ec85,0
cd138228-95d0-423c-8614-a7dd516a6547,0
1970855e-af11-449f-bef3-78b69cfc7f90,1
a8d333e4-f83e-4160-9876-e62646e336fb,1
37318ee1-9ac7-4665-8ee1-f5f4e0cc4ba2,1
c1acf90a-9a77-4dfb-a44d-a5f78e0cf18a,0
39f285d5-0493-4e62-a479-cfc1838b5da0,0
a589574b-c836-461c-a103-c1e03e4d1384,0
11bf7022-29bd-46d5-9cec-d777cd033716,1
d265076f-621b-4ae8-9f2e-e015bc83914c,0
54cf5457-312d-4973-aef9-cf03a7f3f806,0
11db5a01-20c5-4336-80af-a7f70eb75638,0
1d304542-123d-4de3-a164-616c6f5e7c3a,0
7adcfc87-09e1-4f49-aabb-790ea2288200,1
2059f1ec-4133-48ff-b40d-4454146eb233,0
9a17c580-089b-453c-a2dc-5e16f6831d10,0
200ad070-6883-45be-bc1b-a0b58508abc3,0
b15d9b10-12de-4dd2-849d-a5d33532d6bf,0
ea5b4e63-6acc-49d3-97f4-c494a1b51893,0
01533314-006a-4581-926e-1b2832e8c563,0
01ec2244-15dc-4925-bb27-9c2e450594b4,0
9a9697b6-16b9-4b55-8081-278c3c5ecab1,1
b7cfd234-8827-4fd3-89da-df89e0cd0eb2,0
2069a590-ef1f-4063-9d5e-57e825e1f10e,0
aeda65f9-39eb-40cf-ae12-0152917d1f8e,1
0ee613f2-9922-4bec-8941-0e58728d3036,1
b1cafabd-cf75-4690-a423-c94520ed624a,0
8f5ea49e-862b-4599-a0e8-d4dada6ada75,0
0e57927e-098e-4259-853c-fbcfc1cb4a99,0
b2e27739-675a-4ebd-b973-05a26d0b0732,0
163a681b-6554-4f65-a8f3-1d6acbe5fad0,0
9115d400-8c87-4613-8f4a-50cb6694d114,1
eb40f012-767d-4a0e-93ed-3d44663eac80,0
4f7b635c-2ca3-451a-97a4-65997e324e23,0
30e371d3-0b0d-4ef0-beb9-ed798b5df770,0
016346c9-9fe1-4940-b211-6be5f7de0e5b,0
ba55155e-63de-44e5-b894-b32cf8812354,0
49eb6f24-8e9b-4568-b4ff-302d24bc3213,0
6f8aa76a-f123-45ea-be6a-60ed15490f17,0
b72c7d08-ffa7-4a15-90d2-cc0586ce0bd3,0
18774b1e-13c0-45e4-82ae-bfc96da3a5cb,0
b0575085-0d63-4a7b-83d9-310f1a7ed206,0
7f85a48e-192f-476d-806d-1a499befa04d,0
46cfd62b-f8af-4e32-9827-eb30b794034f,1
0bf41580-bbb0-48e0-9ea6-49b055ff5fd9,1
4747e7f4-a8e5-4909-9d1a-d0dd6f11111b,0
42fe5cc2-c158-4504-b138-61e2988f711d,0
26d8a883-348a-40ea-a0c9-9aacb04a34f6,0
b0c9e9de-7f66-40ae-966f-19ec69fd8953,1
615ebd8f-e600-4d48-be82-2c439ef20122,0
0e1ca9d0-ec49-4432-8f80-433e2e2dc2b8,0
e77894f9-b65f-489e-af8e-c7693f81b977,0
990612af-13a7-41fe-a364-d7f00ea42a78,0
e7f82773-b739-4262-97aa-e594ff51f90e,0
03d315ce-eb3d-4e6e-8309-66978770f424,0
40c7432e-52df-42f0-a8c6-3084cdfe0936,0
30dde3d3-af51-4424-9904-d4102897e058,0
c16361c9-663d-484b-89c9-aff3cb172102,0
a68e1d7c-6db8-4918-a2df-86b9b2d68dfe,0
536bc5cd-c2b4-4afa-a7bc-5db13122ce35,1
5d33a7f4-1b43-44c0-9a60-6e9c8a9fc752,1
7f931ee0-aff2-4d35-b6da-ffda3a1ed40c,0
ed13f5e5-9d05-42b0-990e-7d89fc6a5cad,1
1d41725d-7bb1-4b84-b04e-44d4809b3246,1
c9650a89-b728-4380-b631-18e5ac073e6b,0
54c06c43-f12d-4a64-a3e4-6ad9997884bb,0
3092067c-b359-4944-b74e-061dac39edd9,0
72ccebaa-da2e-4c83-afee-36ca94829cdf,0
68bf884d-fd7f-4cf8-9e02-a2cd9b1c582a,0
3c6ee2d5-d5f6-4e5b-8f1a-941844e7591b,0
7ad9f64b-a01d-45b5-be6e-ebb0878bf8f3,0
7065d660-0f0b-49bf-845e-77748a55f9df,0
69c7c18a-9344-4995-a6eb-3c0c3161db87,0
9cb22a0c-6fc0-4a2a-9272-e5783a982523,0
11f716b9-4182-4d60-a972-298d761cba42,0
3418cfaf-c0be-4480-884e-ae7dbd2dd94b,0
de6b1232-1d51-49e0-bfb8-fbe18832f228,0
b2e9c3e3-b73f-4b59-8e24-e7d5b182b031,1
e6bfa55b-2213-43a4-8a3e-02ebc6412f44,0
9b5187da-6316-4de8-bd1c-f07d57189475,0
c738d023-4580-441c-8f18-7a9032978981,0
fd8ff184-cc29-4a19-ab33-c7a42d949028,0
4594805f-3a72-4a7b-b9d6-374434d77407,0
163ab8f4-9106-4b55-9147-9d4031aebd9d,0
c46d7ce1-62de-4537-ae84-974ad74e32b9,0
bf3aa412-9e10-4c8d-a2b2-f5a9169924fc,0
45898853-74d9-4b6e-a1a6-834dd771131b,0
889ebf4c-4fe7-40ea-8597-e80f8ba5ecf4,0
1592fd02-b943-4302-a806-70c36e05d4ba,0
68095ed6-2d2b-4ff3-8a88-871d8cb3c61c,0
e45297c6-ad33-4e8c-a4f2-0e2376d78e66,0
d2fee02d-ce6e-419e-9194-5832c1a633b5,0
b8e78e88-a9a9-441e-a1fd-91882e685b4d,0
4a112211-fe1e-4a32-9c07-4db0fdd05bbb,1
33e4f7bf-dae0-4a2a-a95b-82b792c2c352,0
2d804968-43fb-4b74-9ec9-8884181a9252,0
c3101a89-c485-4774-b52d-d2480b10a80b,0
2092b72e-6ded-4466-948e-7ae6858fe953,0
9ad81522-9c20-4625-87c7-8bf0f8015b77,0
fb5fd8a5-6adc-42fb-a8b1-2c39d6b608fb,0
588caefe-a804-4050-8fcf-93e9df01ad13,0
1fb3dd57-1754-4038-9a61-25b819161187,0
7b525bb6-72f6-4dcb-8c65-9da77d9d9b75,0
a8372720-25e1-454a-83e0-4f4d59c6bf12,0
fc2cae2a-bb62-4d3f-bdff-fd9d4ed8b82b,0
29426801-dc5f-4740-aaa8-605a2e73d0f5,0
b60bb174-056b-4ec6-bd5c-346a36e86edc,0
324da40d-3cb9-4de8-8691-b35cb1162818,0
9ad4cd45-9770-4764-b33e-563a658693d5,0
fc18394a-2f1b-47df-bbef-a28d21fb5a53,0
0e0daa47-37ae-4f22-8343-2543c0980c01,0
dab7ca85-c6be-4376-b92b-76e5de8dbb5f,1
1b56cb5b-ff4b-4b27-ab50-84bcaab14697,0
1006ef03-1f38-4a0a-9d9f-5f8c4478ad9a,0
8c9f88cf-a850-447e-8a15-f55c585a137a,0
79fa6c2b-2b8d-407e-997b-8bc7a9b1251e,0
aab1f54c-6d7d-49da-9dbd-a2eba5ed78af,0
1b08013d-4fbb-48c7-8d9f-aa0555db2396,0
dcbc2fe3-2d88-4816-9bfe-d0bfb8612c81,0
e7277596-7bbd-4bd7-a57a-dc60dae66491,0
4f24127c-b48b-4fb3-8de6-aa1a6fc054ec,1
f6e10a32-cb7e-4bc2-bb80-8ce9c3f69bdd,0
35e15069-a709-4945-b3c3-ae9698a7b509,0
dabcbc7a-d22a-4199-935d-4ec1650fa29e,0
5f3d36a5-9a69-4e19-9e12-a7888d28c67d,1
6137a08f-adbe-44ac-b3a6-c1129326f77d,0
a2c7b743-3be7-44aa-86dd-bd8c502a2d6f,0
598b0a12-22c5-4d2f-872b-4c45d9472329,0
308acff5-ab50-424f-b5e3-e8354e0d33ce,1
e77656d4-bcfc-48d8-b43f-16026a141b9b,0
0d61a3f8-e70f-4252-915a-81acc98f666f,0
f796f86e-ba5f-4a47-aea2-f3a6596334d8,1
8ec1c8be-0f80-4124-aa68-b4793a8ea2f0,1
07a68ca4-1c2b-4b9a-983f-663dda818b33,0
8c0f780b-1bbb-4838-995a-64b269e53443,0
11777af6-3bdf-4655-9c06-d21e546c2a92,0
836dd72c-9ab9-4aef-b562-07f9185cd460,0
02d8a5da-9e18-488d-87ff-177f396bc275,0
b118d81e-e997-4960-916a-423a44d419ce,0
5c1d6231-8117-47fd-b9b7-f5803bd06c98,0
acc6d1a8-7b20-448a-95ca-9564d5501fb7,0
0bdee285-1037-4ef9-b550-f1ec46240414,1
03803692-24ff-4d9a-926c-8a0dd211c443,1
ce29a304-c9e0-4dfa-89f1-cedde82ebaf5,0
5df6ae51-2b60-4a89-ae65-b122ddc4b7a0,0
09e04b94-7ab2-45d7-82ac-6133e80856af,0
f8678851-eb20-4550-8aca-1e5242f8fb6c,1
9798767e-0ad2-42e4-b803-e2a85115effd,1
e040cde2-84ac-4c0f-9719-63b3f680d760,0
2893d7d9-2b35-4660-9ece-693e7c12d1ca,0
661bdc09-274a-4e4f-8bca-92a9315a0ef3,1
24ce6f83-3579-416a-9b20-1b19d03180bd,0
28b19a4b-c4dd-4fb1-a856-1beb2be42c0d,1
64d5f975-a563-43a4-a422-88fd15033b70,0
0a04405b-44eb-45f7-b081-362eb3f56ac3,0
b146a4e7-8f95-465a-af46-bc30af1008fa,0
8d091d37-c3ea-43fc-9b60-59e667ea9114,0
a37db3fa-ce6c-48c9-ad28-b27fc554e045,0
48cf32c0-cfd8-4703-be7c-dceec06204a3,0
f14fb5ef-6dfe-4f63-b703-54d44c0db429,0
55cce1ac-9506-4e91-bdbb-1cff64a0b202,0
db18c0e2-0ece-4a96-955f-0ebb4a03dd7d,0
57efa298-3122-4821-a162-0bf16f7c6fcd,0
0ec83a2a-5280-470b-88f8-267a83436df6,0
5cb2c3a2-b93a-4369-ab66-4352390a45ae,0
9eeae0e6-34e5-41b8-b545-6f0079f537ba,0
4e71319d-c52f-47a2-8305-e781117b6cc1,1
8a995481-b83a-4c02-ae6d-9f7e4a481995,0
fcc9a7b0-0dfa-47bc-b508-221f0e9c22cd,0
42968aed-f72c-46f9-9dec-3efb9affc749,0
0c81f91a-e011-438b-af06-7498449f7b62,0
92b85d4b-4c37-411c-9008-e13c50bfff39,0
d9165803-3d43-4eea-8df1-1b0e71708339,0
280d932d-8299-4e62-b9c6-b1135ba542c1,0
56ffe7c3-5f5b-4ee5-b6f9-ac3345e4975c,0
fe7f417e-f33c-43ff-a7ec-fbf74272efd0,0
a673a613-f718-4fcd-8055-a3a41967b23f,0
afd5d87c-8ccc-4c3a-886f-51528b2fc679,0
ead22494-d1b7-410f-88e6-4dfe8cdf4a65,0
26ece44d-91ad-413b-9df3-a997497acabd,0
11db171c-b903-457d-887a-9a7a64e03d80,0
d8173ddf-f477-45db-a9fb-b480f09773ed,0
74fa5f60-1e26-4ca2-a501-1fdf4c9177c0,0
b51efcc8-0a95-4107-8060-ab130734262c,0
7c5d6da9-08f4-41a3-8702-65edb5f5a341,0
cbcd66b5-8a74-412d-9ff2-bfa5d7f8ff54,0
beb68769-dd80-4ecf-bd6d-71371960be9e,0
c49b92af-146b-4c55-aee7-2a77e0221bf4,0
0aee6473-c13f-4a4f-a9c5-e7a282250cca,0
32267171-2e7d-4c6e-9083-9bf606c7dcc8,0
7013c32c-28d8-40aa-bd76-ee19bd6bc312,0
ace56a18-21ed-4a6f-8bf9-95c9f3623394,0
01bad9dd-ab3f-477b-8d65-805afe2a1d65,0
5b775247-ced0-4df5-b69c-1a175c2aad4e,0
5557d515-c6f3-46bb-851c-3dbff8fae90f,0
b826026d-9281-44f2-86fd-562b74346b60,0
38e26966-0cd5-4567-b4d7-8eeb5e1418ff,0
4052ab94-e350-4567-aee1-79ac000759cc,0
590f5bba-45cf-41e3-a0fe-a7db81d9002d,0
b61ed926-8cff-4f1a-84f7-bb247fe78884,0
6db63126-be36-4dff-9a92-4fdc26c8701d,0
f538ae17-0a6b-4467-aba9-2081a7c6be94,0
24b99e8b-3a67-4ec0-9132-f3bda6dc0aaf,0
6476ac0b-b746-4028-847b-0843a8879c22,1
09ce66e4-de91-4cee-96d2-fc629b3eb047,0
f7bab452-8e5f-4544-94b2-2ceca7fe43f9,0
ed270710-f040-45d7-8e38-a4b6370fbc59,0
846ba003-386f-4e50-88ea-dfc52cbfa289,0
f5a7dfb0-9780-4180-9a80-696f3634dadb,0
9a2190b9-b29a-40dc-8412-5039476c9ec3,0
ecb1d025-701f-49fa-b5f8-41714ec39224,0
c70d8089-0c31-4053-9b31-b23a02e00b4b,0
b5251c01-1504-4b9b-8978-0c394b785a2b,0
b61e9c46-b4a0-494e-b66e-d8fc234d7ea4,0
5d348593-8c14-45be-9846-4e7f78cc94f6,1
c10aad0c-ce8f-4258-bf4f-0f118f197305,0
626d431c-775f-4f75-af7f-ed7d9bb61e39,0
7a947af0-aded-4823-a097-3c3ae7154cf1,0
4b637b1e-99ef-42a8-95d0-45df99ef21ef,0
325eae5f-11be-4b45-8c3c-24f3534404ca,0
8d52397c-333e-4cc8-a044-789b1cb9cd4d,0
24b83490-481f-4c03-b2d3-99180ca998c4,0
05ea0509-6ad0-4a58-86af-092e13aa6838,1
f1c8c294-25ce-4291-87f0-6d44b1b6ee1b,0
6ae19287-d0b6-4bf0-a829-1c2cbbd26baf,0
8201c97e-6aa3-4587-aa4b-e398b549b783,0
bc8aae55-2b9c-404b-a157-4f314b72d0bd,0
5e218f88-6302-4564-af57-3e445ce4087e,0
78664379-5b75-477a-a295-065995444e27,0
d5b62973-a44b-47e8-9701-ede7100c3b1c,0
475106d2-bd06-4ad4-bbf3-c7e3181a5c87,0
fb37228c-ec09-47eb-a9a5-083b62fd33e9,0
0a7d06e3-19ae-426a-b7e8-88a3a17cc157,0
c4da8a91-a96b-41a7-ad95-ccbe6df0f878,0
9883e14c-0b0b-421c-88bf-164efd10e3cc,0
2ff43ee4-985b-47ef-9edc-003ce253bd55,1
37efb85f-1e72-4b20-9a92-c15452d5bce8,0
fee6a0f5-021b-45d7-ac41-ff5c62812c79,0
7af2c58f-cd97-45cd-8a0b-6f1ddffc6bec,1
6f47f326-eeb2-47e2-b39e-e28e9c251aef,0
5d519584-a061-4307-9ff1-3fcfd9d85c04,0
3208e44d-1f74-45ad-bf7d-ff145ba86233,0
b4b925c2-1551-439f-8794-2b868b2ad4d5,0
efc3978e-429b-4cd0-8203-56fe2bcc99a9,0
6bbd0af0-9692-4dde-88a0-2cb3521813a9,0
b8d27aad-84af-42e4-a064-a764bed8028f,0
4bfeea89-1248-4882-9c55-80132de6c3b7,0
6dfa9315-bcf5-4a78-a308-14a39ec4374a,1
e333b2d4-e80f-4d94-80e0-04036c1d32e7,0
71d2509c-742e-48b3-b54f-54ff0346a3e7,1
06912f20-bead-454b-9ade-69275c700d0a,1
bd16f8c0-7ae5-4632-b503-73be94bb86be,0
44576677-3231-43f7-8454-cc4ec0b7cf1f,0
4e10d6fd-e1fb-4377-825a-678faaaace34,0
1ee8f591-c3ee-4534-a497-c76e1949aba8,0
261cd43b-2b44-44d8-9027-bed39559cb70,0
74c326fc-2b4b-4343-9910-a30610ae715a,0
f360689c-4445-4bc9-87f2-e40ce1892338,0
0e56fef6-8273-4bf6-8478-63b18dda0ffa,0
f2162a7b-3ea3-4c91-ad35-4a238de3eba2,0
440e4851-8454-42b2-83b1-b18b2ce13718,0
4e3a7c83-b477-4bc7-8ee6-f070e6b69230,0
ed5c568c-8c58-41ee-b549-bb227f7fa7a5,0
8e422581-0cf4-4ec6-891e-87034fb803a8,0
ef6de797-7716-4607-9b42-80b88de67fe5,0
a86a4175-9c99-4763-9243-0b4237d21105,0
141f8f7e-772f-40cd-991d-03355de0f66b,1
4d953965-494a-4447-8044-fc59cc7fabb5,1
d5c03445-f324-4797-bfdf-9fb9256cf6be,0
f11821b6-a433-4d50-9111-2d1fe8ebe3a8,0
7080913e-c7b0-407d-bacf-239a092ae471,0
3329dae7-7f27-4760-9efd-ae0f9f8b9afe,0
18aecaa6-20fe-4174-a8fd-7e3c31f864f4,0
fa007a77-1113-4e2f-93f8-0bf1d87a29a6,0
8adfc636-ec32-41bb-8c87-7075a1679b30,0
1a822323-5581-4c76-b412-2643b00269a7,0
b2c9859f-6d6d-4115-87f1-ff82210d363b,0
21980591-4eef-4db1-9499-adec866b858b,0
8b7ac044-44f8-47ee-b914-159ff88fb56e,0
ecbd5c95-ec92-46f4-b807-1bc647bea6d4,0
d11ca367-f07b-46da-bdf2-cb72735c2acf,0
b697e6a9-6d69-4e00-b2a6-ffe2e1d2e2b5,0
290ced21-2877-4d7e-8060-bbc5d3953867,0
e3d8536b-80b2-4482-8202-bd3078e9653f,1
42426f04-e66c-48a0-89db-84dc61cdd5c0,0
00b2e703-0cf1-440c-a68d-89a89d99a7d2,0
d4abdbd2-8b97-4f73-9cd3-3c46daeaf898,0
8f798f67-f456-4163-8b56-f0449c5d06a8,0
24fbb356-4ebf-42bf-b52d-7fa27d965d56,0
409a1a49-61c7-4e64-bb8d-229c3520995e,0
ddc8b4bb-a50c-47dd-8936-13ceda3f9306,0
55c21a99-6127-40f9-b5c3-fda7394efe51,0
5a3f8d81-3cfc-430f-9dbf-9366972ea74c,0
11fd70f9-f4e6-427f-9c3f-c0bde86099bc,0
ec13925e-070f-41c3-90d7-c633e926726d,0
ecf16973-a7fe-46ea-afe3-fafa725f9f1a,1
ab31684b-3d6f-4fff-9df9-58bf0598c4c6,0
7acabdf1-3369-44e1-a38d-8b6f791cf537,0
94b25b43-2d8b-478b-81fb-894a42c9c7e8,0
11c00d03-2a68-46ca-a7bc-6c7165d29519,0
d5a23427-be2a-4831-8e26-c946b57a4c3e,1
c2221740-7c39-4e8b-9c55-203cf7572d8c,0
4665fbaa-3c1d-483f-91f3-8a44748a5103,0
79647dee-2f49-4760-8b93-aa4d8dd3ca3b,0
8866c7ae-64e0-400a-9530-62103a17aeae,1
a983cdf7-f923-40d3-b97c-cbacafc51c0f,0
0d947fe6-df22-4993-8f9d-7a4405c6826b,0
afdcdabc-dc12-41d7-abcd-ba4f93b0fc8e,0
13ef2a8b-f0f0-458a-a9ac-3ecf0869dd21,0
22c4cdca-a44f-4cc2-9cb9-a77a5b07dd15,0
155eac68-5caf-4d7d-8794-ea4371d6adc5,1
fe8c76f9-6377-4073-9f6d-f9621a9f8b9f,0
50d7e451-79cf-4565-8ac6-b9dba7238a18,0
598a0034-3a30-4725-8466-e637815104ee,0
95587f69-cc69-4db4-ab59-d2848f72734a,0
27d49ad1-85e4-41c1-a163-cb40fd2239c2,0
f0918fc1-9897-4197-b7e2-35c900812bcb,0
a268493c-3dec-44a2-9182-960ae0ad0ba5,0
ba830847-8749-43e3-a612-b71dd4ecf994,0
abea7d22-9b1e-4299-99f5-3831b792af65,0
3070d0d2-1ff4-4c12-ac48-dc8f53fd5c7c,0
96c3e399-5721-48db-82ce-eb8bd8590a70,0
0fd02835-8feb-4b55-a9e7-a09bd1676fa4,1
c6f95fca-2d27-46ab-91fd-dd671d67cbed,0
7dfd8aed-6d6d-4fac-abdc-0cf3ab622e00,1
1a5abe29-d937-49eb-8b74-00c796d6cb1c,0
acc9f44f-2a07-4441-88c3-776ec74931d8,1
216f53e1-f90e-476e-a25e-82a10c27eab6,0
bb1afc74-2030-46e8-86e5-3450fe02d1c5,0
d4a2b59d-424a-48ba-bbb9-6dc4aa73c706,0
d48cdb7d-729a-4438-8de4-6735eea9cf5d,1
61e3cb1c-8ccf-456f-a2a3-0db248ca687e,1
36cbc835-6fb5-450e-88a7-29739341a7f3,0
bf061d31-6e97-4238-85c6-772b70e1d7dd,0
c758073f-fc34-44ef-88ec-348f6aa5facc,0
f2f20b1b-652c-460d-85aa-819d0f7ef11c,0
da86ce48-7b50-4e8f-8faa-93cae2f91041,0
77676f7c-b793-48ee-8f41-307c4981ec8b,1
9d7dfe5b-ab64-4110-975b-70345f83f6db,0
765c965d-9a59-4429-bf4b-b3792951bcb6,0
54e493ec-a4ea-424d-8c64-0f3be352b816,0
e9252eda-195f-4487-8861-092a5dd077ad,0
8e182c88-9aaf-4954-86c0-6bfed4067e1b,0
010870fb-d5d7-4a5d-841b-b4760ef8462c,0
28eef752-e63d-41ae-b968-7820aee061d5,0
aaae8066-89a2-4eba-98f5-0173aa9c53d6,1
4238cf3b-001a-4265-8622-fdf3b4ce3521,0
cba79c45-2036-4ca4-87da-a13e413f684f,0
ab20c42c-7629-4bc8-a307-c860ae7119f4,1
11eff099-4c05-4f62-b3e2-52bf329f843b,0
f446969b-aa6a-45ce-be47-8db38a82c949,0
2fe2836b-36ab-4ecc-9add-a8c7e5683219,0
7006007d-4c8d-4f28-a074-a461129da1f1,0
a9723ab3-6ae5-40fc-9890-dc9872bd41cb,0
a7388f32-72bd-4400-a938-1668e7d83d7b,0
05f5b22c-fffc-4cf1-8c18-401db041c0de,1
c3689350-857b-4d66-ac53-3f45453d0c47,0
a34c7041-a3b6-44df-bbc4-739a87ce59e3,0
68dd3baf-1d20-463f-a990-d7572c627a74,0
e6c42b2f-82d0-4479-a6ce-d7844112c610,1
b27b54cc-13dc-4077-9d32-939ffe4aeee0,0
8b94fe08-79e5-455c-b0e6-bfc3ab7c5368,0
66db05c3-e7cc-46e9-985f-a3b0d3a60bc1,1
543b3744-90b1-441c-9233-52a2b28cac04,0
01e22ec5-3928-4e02-a7d8-d806971f74ac,0
e84698f1-dd5e-484e-acac-fa500b36d5bf,0
98b07640-eaa8-4d7f-8c92-6d8ef3d59740,0
e9fbd2d1-3097-4568-a4c5-4337e346abc5,0
176f67ff-ae85-436b-b297-c699262e895c,0
775466ad-1023-4ce3-bcfa-16601e9950d1,0
a5571cc2-e6be-4e84-a7e3-e3426155b19c,0
449e79e7-99cb-412f-b00b-b2d65d674fdd,0
89c09f02-8f15-4f82-bde4-986e5a0bcb4e,0
3b3c5d3f-2013-49d0-8f8a-c6a3ee362e06,1
f40636bb-2556-42f5-9675-3953422abeb3,0
9135955c-7048-475b-a12e-7c2225902636,0
d8d735c5-96fd-4bd9-8ed6-2fa860403288,0
8da9c2ae-f920-4665-b154-fee40f00e6d9,0
7a1f3f74-92ba-45a4-9286-9188214854ad,0
67413359-5462-458d-ae62-9801340742f0,0
60c44745-050d-4c20-9310-6a9a00015feb,1
572142d0-6c8f-445e-bb95-c1737c399c94,1
5ba24523-4eb9-40b3-b86b-92c5ad7174f6,0
655b4313-2535-48cc-85a9-27b3686a1f84,0
80317a24-435d-4aab-938b-c80cde100fd8,0
8cf4fa50-3d7b-4892-9faf-de58801ddedb,0
ef74e3e0-1db1-43e1-a0ad-89e4b72ce19d,0
f280891c-4c39-47ac-9662-bcfcc6464b82,0
4df4755d-28a7-44f6-ad4b-d571b8dfaacf,0
415e7c6b-ca02-47bd-a7a2-ccbcac4c24d0,0
efa8d077-3cfd-439d-be94-524ed984e8cc,0
1dcebb14-ab3c-4ccc-beee-0baf5e8a448d,0
f42de922-a341-4544-b7a7-b41959acf247,0
4c4c2818-8d1f-42c7-817a-4da8ead9b7aa,0
4f3d680f-e814-46b3-91b9-6dcf112b19ef,0
678c4842-211a-4f46-af21-48c88307cde4,0
3f0d0851-050b-4e83-b747-eee705329c63,0
c2b9982d-b3e6-44e9-8e8c-8a4746becac3,0
44b8984d-8713-42db-98c1-dc6fb458c9a4,0
8d10edb7-aada-4694-935a-9d6f9fc7590a,0
7c23ad8b-d287-470d-8ebf-23b42974a372,0
de761cd0-5d2b-41a4-a6c1-b66f1b09cab4,0
4e15c11a-320f-410c-ab03-614fee4ba64d,0
f3a2ed03-7830-4c4e-8a02-f530621ee355,0
bc1c384c-91ec-4e92-b12a-05f63d60f73d,0
3440baaf-a899-4275-a6bc-9d41a8fe16a2,0
23ab86df-8a36-43a2-a554-ec32631e19f5,0
979f227d-33cb-4030-a0e3-ca415c864e57,0
3e677afc-6d4c-4b2e-856e-8baabdba7dbd,0
7b1d4c9f-38fe-450a-8986-3b81635f4ac9,0
b53068fc-3eb6-4105-99bc-f5fe7cd050c0,0
d98178c1-c95f-47b1-8a25-8e03594ce411,0
d3e2c2c6-2a9a-4c82-8c8b-5ba20184c5cd,0
a563a2c4-3f72-4c97-a6c1-ce43c278612e,0
6fdf4934-2540-4305-bbca-ebe959a08835,0
55d3020b-b8c6-4d9e-9bab-de1865eb8f9f,0
c7b9f688-6694-41e7-a2f8-3b6358262c51,0
ffd68c77-d836-4f65-be21-2bb86954cc3c,0
8187057a-f830-41a8-9990-51eb1433e622,0
d7d6bea1-6cd0-4696-99ae-825348035544,0
839b3075-5ce0-4964-9d04-d86737608f4b,0
05e50e16-d255-45d0-9ef0-97a5b3b14cf7,1
d26cddd2-642e-4a49-a44d-d660fc1f1051,0
45a87c39-2e04-4d14-8dc4-123a06051124,0
040e61bf-400a-4b07-b643-efd7f2ca4766,0
5aa6bb41-7163-4f27-b872-66f3a7208d16,1
d0b813a8-78d5-4e94-8853-bc0c0d0c58c3,0
2a8231c8-0888-4783-b4bf-fab07925847c,0
756d801b-73d3-43d9-9845-ddd03a5608a2,0
98d1c3c9-57b3-491a-bdc2-62413b6fc14a,1
b4d6d672-1247-4b5e-b594-10d2991e35c3,0
95c9041d-f319-43ac-8b7c-38dc84bfa60c,0
af90c382-db05-4eff-adec-4033b495c52d,0
3cd72799-3ed9-4855-832e-b2869dd75b60,0
2a0c4a9d-4297-4369-8bfd-b135c91797be,0
e81a316e-47cb-40b6-94b9-9c51f92572de,0
07d1620c-0cd8-4e20-a4e7-1b9fca524f9e,0
44bd4fbd-ddba-43e8-9fb0-e6de72f5d10e,0
e13adff9-6f67-47d1-b355-169f6ac62d4f,0
11684fc5-66f9-4c32-b37b-1314adbcc911,0
599ad9bb-17d3-4726-9433-fbef3a79bb8f,0
c664fe63-7401-40c7-b6d6-76ae0b3a1b9a,0
4885357b-e597-41a4-ad84-016c2d20bbfa,0
a2bc2ad0-f0af-448e-bf9c-28bc960b5895,0
e7dbc0fc-129a-445f-97e4-a0a640b15485,0
1a9b260a-b4aa-44a4-ad4c-ee67e5f58647,0
5c9e1902-f9db-4753-9172-08c3c9310377,0
4dcf3806-aa9b-4fc9-a7a4-270d34c6c1b6,0
303cff1f-ec61-4543-bd23-309284a68128,0
a528e73b-a836-4b36-bfd5-723e5cee0b6c,1
ffad2d6a-8f71-402d-a8ba-5c4be04af387,0
ca83ba06-164a-4342-abb0-97c4a7493fb9,0
ab2fb8cc-8ad0-4577-a626-8f7f1af623aa,0
a1b5dccd-2236-4bbf-8390-348c5ae009f7,1
bf12ca8e-e0d0-495d-ad98-0451728084f9,0
1e145a90-ca8c-4924-b6f2-09d73a2be4e3,1
1b13161f-660c-416b-8986-770483bebfbe,1
543ba5cd-2676-48ce-8f1a-66d3e01da928,0
317370dc-9dc1-49b8-8b21-1009efc531a3,1
91dc911e-4f88-4b1f-8702-d5cf6e1fbb93,0
c404f0e1-6698-4655-a1be-69a8fefdfa36,0
38af433d-1b69-4aa2-8c3e-1ac86dedfcb7,0
44430abf-6260-4cb1-989e-9257bb93071e,0
8c214ec5-c709-4b24-ba0f-2f22cf864695,0
e9e58243-c95b-43b0-a4a8-e672cd2bf6aa,1
e291fa44-66e8-4ed2-bb3f-415cf1978c16,0
3696a79c-349e-4b98-9a83-5f94fc9a47d8,0
ed17726f-bd1f-4b66-975a-e24765466cb3,1
a174428d-50ee-4bcf-b5bc-916177799b1c,0
1eba1598-9806-4092-87d0-88f9a6539d2a,0
6e40c130-3f51-4829-8215-57e6a6e8b146,1
00c4775a-76ea-44fb-830a-980e87e38749,0
208840bd-7943-4bd1-8a78-e0fb23aee268,0
c82b047c-772c-42af-86c6-8d3aa0de4c65,1
658852b2-75c7-41a4-8da7-3f5f5adf32fc,0
660edffc-102e-4906-b270-ffd37a294093,0
1ea8c3da-5bd2-470a-9862-f99a582a6f45,0
de563b4c-fd96-496a-9157-3eb153a7baad,0
dcd1bfe0-0ce8-4e03-a3d0-cb305a026cb4,0
af17df30-0f4e-4446-83a6-4f5d520695be,0
dc201923-5fb0-405a-93f1-d1c20c46eec2,0
3acd1b54-9e07-4e41-94c0-542e4bd067ba,0
2aea7f78-b2da-42ab-b96e-da410352bd57,0
8fa1bcb9-6299-4d23-a7d2-aff61850fa6c,1
d0b327fa-46af-4d0c-b882-0f31afb22a09,1
eed64307-2aec-44b9-acbc-667f080410d0,0
c12c813e-347e-417f-a62f-1fba97c7daca,0
f7fafaed-08af-4c38-a950-f843cc326d94,1
04f93c1e-45ab-46ae-8ddf-a81e124fce98,0
ef8c129d-5876-467b-8482-193ee4598dff,0
7c94add6-06d2-4bc9-aea8-ee85bc9e79bb,0
e9a92012-65ee-4199-9bf0-39d06352122c,0
c856a647-f5a6-47c1-a3b1-0d3c6ae358f8,0
4816c2d8-101b-409a-9dec-074ad8bc8cd8,0
2bdf877b-9116-4ad8-b29f-648c48fa25e5,0
1fcc9390-9ce0-4773-b3b5-16f81e7501ed,0
f4cb22d3-e3bf-4f7b-bdf4-9a31dfbd2518,0
9224277d-1224-4f9e-ae79-8ed469abb1e9,0
02803abf-2f07-46a1-9491-529bfda12790,0
97cef063-9c26-41b8-a6b7-d3109526c934,0
9cb276ed-8914-4121-b50c-e91a96538019,0
421a468f-e47a-4849-8073-9995ec982954,0
96cbef1f-1c0d-4391-94cc-957d74e34c13,0
722ef5b1-7971-4633-a503-8d9df83deaa9,1
ff4194cb-b143-4bda-87c0-08f71fc333a1,0
7c6571a7-34f0-4a39-97b3-753d2f557dfc,1
ba0259d4-ce1a-4147-acbd-15321f4606da,0
45c0ee49-d7b8-466e-acd7-c9bc8296c2f2,1
57de73ba-e3fa-4cc9-9b4c-922aeda9e45c,1
19267a9f-b8e1-4ef4-9e87-6ada86c1fc92,0
b806195a-56a8-458c-81f7-31cd0b9db8c9,0
cd11f5e0-c69b-4386-8acc-319c898337ba,0
4281d7ca-df07-45a8-895d-3a637175eee6,0
ca6c82d4-86be-4119-828a-87b1f0f3f62f,0
dc81544e-f4a8-4707-aac7-9acead5e378e,0
8819846e-e23b-4951-9ae2-8d39984c3ac7,0
321d84c1-3b47-4dde-8c2e-b47772286c39,1
5c13cbfe-2a17-4edd-ae3d-75fb787bcbfa,0
d7b731e6-3a37-48cc-9aad-e0eeceb3bd97,0
8d9238d5-19ae-4fe2-9416-707c7dc0f330,0
edfa8427-4239-4aa9-937b-231102ae2130,1
5753b2f8-54a1-41cb-8cc5-a12a3a53bdff,1
e96f141e-fceb-47c8-b4e4-6a3f3c98a8a3,0
b4c60950-7028-44db-9662-ad1a81b9183c,0
de7bb764-c7f7-43fb-af43-9cd26fbf6785,0
dd8508e2-398c-4599-b517-822d773737ef,1
2e13e6f9-e9e9-4df4-9e3b-13995d4e92de,0
ec45f1d2-b181-4b79-82ef-0b8a0ccdcac3,0
87b00db4-ab99-4a94-8727-21f5296ef587,0
856a4f62-d80f-4c93-bffb-add3108ba697,0
20f07d0c-7218-40a1-8b1c-cefde53c32be,1
ca7bfdf7-f775-4b27-9817-5d40bc56b41a,0
aa28de6e-aeff-4aa4-8b02-8c0531a41a71,0
f2cb7c6b-d3cc-4ee3-a0bb-83db108a6de6,0
bb0cc3ba-4e2b-4cdb-9016-690b2e8b025a,0
41acf8e0-30ed-4f1c-a74a-69e50f13b612,0
4b1dad63-1d80-4727-80a5-a51eb4a74938,0
b300538a-137e-4cb1-89d0-006eecedef77,0
07eaffab-038f-47cd-94f1-38ddf24b606d,0
1583aa36-d746-482d-af40-1587477dd395,0
33fb85ec-384b-4b63-b852-6f79b13d7b85,1
b385d169-1ba1-48be-b564-6c48010d2f0f,0
aa0a584a-3569-43a5-83bf-641fe1f868a7,0
8c671bde-e633-407a-af65-e140086a26c9,0
c06d356b-80d9-4d25-9084-224a5594533e,0
20dc1a2c-65b9-411e-89fc-1c8156264b22,0
a75daca3-d6ca-4d76-a695-154eb8af987a,0
5f32441a-afee-45fa-b080-c0ec1f0f76af,0
7c8b6255-5edf-4652-bbd2-fb56076d08fd,1
51849257-e363-439d-b6d7-25b9f692c75e,1
8a0c27cc-3db5-4a54-8046-630475ef2edb,0
92ab7fe5-5c6e-4d7e-b868-1e79078ab395,0
6fc5060b-bfd2-4444-a57f-feb6274b6f9a,0
99a36a28-33d7-4119-a724-c731951b83db,0
e6c1ad85-ed68-4825-9419-878eda0029db,0
7c61d6d3-6f9f-4f69-861b-65b908b4752e,0
8023360c-2d0b-44fc-bc92-9d587cdcdb71,1
4ebae721-b523-4671-b3ce-5ee41d3ed354,0
0ed822ac-5d7b-4a3d-802a-638143d14a5c,0
127b0120-cd27-4bd7-92c5-42da98fce3f5,0
ebe557c2-c0b2-4a45-9b47-15fea1d59f27,0
db83c514-6fea-4f31-8b27-355e2c5bc5f6,0
10598196-45d2-46dd-a673-79f219d9fe1e,0
0fd0f79c-7ab8-405f-9964-5f450db146f1,0
53a21b26-37f0-426f-84bc-29a2d6841a8c,0
e24c9404-378d-4be5-ab4d-8310b128bd12,0
0c1ea986-8ab9-4fb0-a053-179897b70fc9,0
95428f11-c480-4384-b413-bb82a3afcaf6,1
dd74edb4-e3b5-41e4-9ef3-12aad777575b,0
164b62c0-ce3d-490d-b43a-497db392375c,0
fc221552-c6c8-4c0c-95e1-b504890bcd73,0
345d4bbf-9aad-4c4f-9aec-94dedd661a30,0
3dc5c3d6-00cd-4138-97a2-f9a6974f8a2b,1
4852cc45-f7b1-4441-96d7-41f5fa1e2826,0
948825c0-8e92-48da-898d-f5eae3032ba0,0
4e90ddf8-bbfc-4072-90fe-75c3340198f7,0
38a4e418-038f-469a-9ccd-847c69789c7e,1
79c2ea0b-3244-4b8b-9913-8daf0e17c184,0
037e89b8-83a4-43a9-b45f-2cb3abc56c6c,0
4c143be1-d571-4a66-8ed8-f66721206bdd,0
1fc0261c-cf57-4436-8f79-018ea70e123b,0
78c81ccb-a407-429c-abde-1d41f5c98427,0
77c14d55-5933-48c6-97a1-f2e554b87ed5,0
5dea0c6c-4fbc-4d58-b7b2-610d61ade8f5,0
cb25b05b-470c-45df-9dd6-a228bcaf86a2,1
fbb4ccdf-993f-4eef-aaf9-199bfbdd6e81,0
46f642cb-0328-47a5-9a8b-041be482aa66,0
98cbc717-78a9-41e3-ad79-81e0b99af50d,0
5a711f6e-a5aa-48d9-b93d-175ce030b44a,0
ae16e850-0532-4a82-b057-e551e6b7d4e7,1
a459092b-20dc-47bd-b851-314c28bd1b02,0
a1c3d16e-e60d-4f63-b94b-34e17454c072,0
c5753772-0a4b-43a9-af47-6d3970780ffe,0
dba5223a-f9d7-443b-86ab-8efc609365c3,0
e22cef9a-2aaa-4f0d-abd0-f42b6cc84724,0
b9d4e52d-554c-43ab-91ee-475c86397f0c,0
05766b54-0706-44d7-b151-3a9c1baaca20,0
163f7094-9cd6-469f-b70b-f9be825c81e9,0
4f37880b-4b0a-4291-86dc-983526379d13,0
cb77e92c-5fc4-4ca3-b138-f0fefd2f6317,0
95d2fa99-2e20-4258-a0a5-50f6bd716f70,0
3ea14585-d3c5-4fd4-9c3f-ee938459fb81,0
9df8708a-39b2-4225-ac54-9fd6ad4e029b,0
2fc787a8-bbff-4400-878c-90ca35a4204e,0
30304e50-84a9-443c-b705-d1ddfc9326b1,0
06816cdb-cf9a-4667-99cc-8dbc6fcfda1e,0
6f7a0c2a-d65f-4ac0-9582-a0b6e4c697d2,1
b6274d5a-d246-49e5-a17a-8e6a1b482967,0
c6c9a98f-7423-41e2-9101-23879ff445f2,0
4938ae32-3731-46a9-8213-0ffdfd9d320a,0
29a95fbb-ce1b-4e61-9791-da563a85a4a0,0
b1e0b562-66c9-4f9b-ac9a-3f35b8195829,0
34c06a66-8487-4d50-8050-0ba50edddc1d,0
1e18b273-7661-42e9-94f7-4996011b90f6,0
a8f68b21-a260-4215-8b5b-a4bd7a3900a6,1
cced78f9-9cb5-4c8e-8e20-74d7c5f9e76a,0
e0841e90-e94d-4fa9-a484-8e7c95a6708f,0
d5f7f77c-4ac9-40ae-ab76-c2e3d024d7cd,0
c1ac864b-2023-4123-9805-8bb252eeea49,0
39526188-4a17-491d-a2c5-c2b87e1d878b,0
ddf89ce6-8aa5-46bf-ab90-6a7ff1b0eb6e,0
85432087-d3bc-4c1c-b157-44405784cf40,0
f6cd051b-ff8e-42dd-b790-03f622d2ca15,0
b023837a-f0f3-444b-a538-8f2b290a5c77,0
9ae5311c-dff3-4002-9b99-884c4db86be4,0
f27a06d1-090a-492e-9f2b-2d2306d3fce1,0
fe380c4d-5574-490b-8a61-e4b9a2035e4d,0
ad718eae-e804-4bfe-90c4-9334c791f483,0
08b38a0e-c1ba-4cae-97ec-05d6e57013f4,0
116ff16c-2e03-4b22-855d-3590f6421bec,0
b1ac982f-f63b-45cb-b736-251711c2d050,1
d35cfb15-7107-46a6-9c23-ec92ac5b019f,0
06d26d87-ed16-4ce2-8a51-a0eb1f6979d5,1
a7c55594-8d6c-4750-9dcd-d054c4658471,0
76df3e13-5a9a-48a9-9866-ba474531a6e0,0
880d8528-aa23-408f-ace1-6fb4f0a5a96b,0
9f778ca6-4ce6-4c40-b147-567fb0e23da0,0
45c942de-a859-4353-b2e8-73a5386a4456,1
8ab9d8c9-6ebd-4536-bef1-2475346e89fa,0
9551f9ce-d014-4575-a16b-791fc79ff774,0
fd38a4d7-13df-4d94-b4fc-78c932aaa147,0
44439416-4441-4f85-a409-cb8b7bfeaee1,0
a898cf9e-3262-402a-8852-da6b2e680a54,0
68145109-94ed-4a51-b477-1a550ff5da31,0
0752f37c-7f78-4f4d-aa48-9b959cd39947,0
5150c8be-337d-4521-b16b-a1f24bfdbdb4,0
24a08ccf-2195-4cbc-9267-e2647deabd1f,0
dca92278-06fe-47cf-a9ab-cd0222f3424a,0
9b60a6cf-0720-4557-9a69-61615bb3b0b4,0
c637c3b4-892e-4182-adf9-b57c11a6b4c6,0
a52e8829-19eb-4058-a169-5b9d84cf1923,0
958151f7-03cf-4121-a3ae-f3a81e973c33,1
35fe4b64-ff0a-48bd-8498-ff68cccc56e9,1
3c3a1cd3-6f0f-40a4-8632-7ae2d345af81,0
7949eeb2-ced8-492b-b5dd-35e7697c0c97,0
a2aa3e16-d12d-4d17-b43a-70f203164029,0
4afb76f2-63fb-46f1-ac27-63da74ece878,0
4bc2c2ad-1729-4f1e-95c2-2892a5a3dbc0,0
ae49cee9-20bc-4a64-b31f-a521a326e87d,0
32cae320-1dc6-4962-b121-373f1ad8376b,0
601a0c2c-d3b5-4003-ab16-dcab2bc11da2,0
6ac60dfd-3409-4241-a0ce-c1b83af3c0aa,0
658cbcfc-41c2-40c4-94d5-b0f509ff4ff5,0
688dfe1b-87e5-452b-b31f-4f7580ab4557,0
558bc5c8-3fb2-47aa-a883-2b9765dfe4fa,0
f4872ba9-87fe-4f74-b1fa-eb90df76bcaf,0
2fadddbb-a0b7-4ec3-b01c-08c21c567076,0
92abd6a1-ab12-4abe-9ff8-5edf1d2a6cc8,0
ffc04b33-2afc-4cbc-b7ae-28ba04bfb5c3,0
aa16a787-0ddf-4d78-8601-d9e4dbe41789,0
cb179192-a8a2-4a8f-bcbd-f6cbc80a8998,0
4ad00560-665a-41b4-b433-ffbe44456c99,0
74f9dbe5-90c1-4333-8937-bf36d2d81729,0
6a6f3186-bf12-4b87-bc1f-788a273c1af1,0
b69dea00-77ca-46bf-bfc2-c89bf4937400,0
2948799f-58ec-461b-8fa3-12b4a79db683,1
b7043ade-7c62-4b3b-9364-71433761879d,0
50f9c681-f383-4e60-ae1d-690b327df2cf,0
71a4da41-6f66-4d32-a04f-2b8fd7db3d8a,0
0b552272-f9c5-438e-aabd-64e8f99e45ff,0
96915a21-26e3-4d82-b9eb-dcade25d7e6c,0
8651d871-66da-466a-bcb1-fb2696ba6743,0
0e8489ee-8206-42cd-8993-459bd2ab2595,0
d8ee9c58-5985-4cb3-b8c3-651f9fa6a70e,1
2cfb3702-19f9-4042-9ef8-fe94ccdad885,0
5bda55b8-967c-4e6c-9947-93f0b3da0ac1,0
853e7761-dfcb-4b85-9b8a-6a6d2630136c,0
69a908b6-802d-4f8b-96c7-ef4af6257f63,0
ffae1bc9-2acf-4275-979a-9a33ba3e79ed,0
c99e0657-46b5-4dfe-a19a-b63c5de9034d,0
cfb2c31b-0fb0-4958-946d-c47c8bde7ae8,0
d88388cd-8c64-47a2-81dd-97a899b417c4,0
7183ca66-b3d8-48ba-9ec2-c75ba54bdcd9,1
b9de1088-e18c-422d-8e87-bb0854ffa591,1
8bc76284-adb9-47ab-80dc-9ed76ca869b9,0
1840fb59-baa6-4165-911a-905dd58a0415,1
9e21ceca-120a-48b9-b0db-e90fd4d94af1,0
b8b2ec65-fa45-4f72-906c-b2089e8aad7a,0
7faccd5b-7ecf-4c4f-9038-3b3f6ba49946,0
070fb89c-6d4f-46f8-bb0d-0378a85cfb05,0
6d91b2fb-913e-43c3-9fea-5d82bd78f767,0
0c7e57f2-05b3-4d5d-9a31-a035ad92a000,0
65761e4a-f27c-4b1b-8f64-0a3f873e4bce,0
31b39e96-8b77-4080-a8c6-09c848cc3fbc,0
b729de81-26b8-4ff2-8aa6-3eb374523dff,0
80da7fed-726b-4f57-bea3-0253fb2c31ca,0
213ad1cf-2159-4bc8-bd51-16cbfcc252be,0
f2a67d8e-671d-4e1e-a2ff-419f2a26c78f,0
a5d4bd97-3760-4702-aedd-d3ef3ba53985,0
1d9991d4-a286-41f4-ba8e-49eb1a6ad19a,1
d629d044-f7e4-40c9-910b-a35457c65d52,0
de16c3a1-db30-4f57-971e-4b60a22f4a63,0
553e52eb-cfcb-48bc-bb57-498ea6e5049d,0
f96ab3b7-9a3a-495c-a908-248e226bb97d,0
1ec70a6e-832f-494a-84d4-5faf105822b5,0
7ac82741-3294-4a47-add6-8b4cd10fdd58,0
634ad048-ab81-4ec5-a984-e7aabceba9f5,1
a5aa0008-8191-4a7a-a626-36dabd4a0b7a,1
aa8e7b40-ba39-4a3e-ad7b-ac47d096cabf,1
3e41c756-4d7e-4024-8db0-968ed23739f1,0
5d816618-2631-4b0b-b1d3-8d9a69df2704,0
2dea57f9-dad7-4dff-a0f7-a99cc73a3324,0
cc368beb-ed73-4309-b20c-64acef327f08,0
e93c4fc9-ba8f-4c26-b630-bfc741deec31,0
1ed18cd2-4eb6-4980-887b-57bef8912807,0
c4fb4942-a9d5-4e39-902c-9c0593a0a448,0
5f644e9e-5675-4f81-9b04-844f653ba78f,0
aaf896b6-cbf8-4056-bdcf-8274d8e561cb,0
44f0ed8e-d7eb-4962-a2e8-287c41800c9c,0
52a24ba8-4159-49ed-a0c5-8bf02a23949a,0
dfa8a9f2-9442-4d0b-81c4-fa75d40cde50,0
7573e375-9e1e-4fb8-b0d7-c774333286f7,0
d9551986-9bd7-495d-a603-b131fb3edfb6,0
93d4c81e-4f3e-42a8-8e6a-b777a1d35740,0
0ab7b448-2936-427d-b98e-a055c5d21438,0
dd4a9691-61a8-44af-af99-632f32c6ed96,0
aeb1dffa-8fa4-4627-9791-26a548527602,0
fa164422-2b0f-4b64-bb91-19a8b15be0ef,0
39e69c85-9302-4d31-8968-aed69ea49ee4,0
19aad111-47c9-44af-aebd-feefb7070e6c,0
9c3ce334-e3f4-4ce4-9764-69f1ec6bb9e6,0
9fab957b-efd6-4bbe-9118-36f636898015,0
183361e4-428b-45e4-bda4-859fc7342ae0,0
d18e6ca4-90e1-49cf-9fcd-8bf0f91bfad4,0
82e4218b-c9ac-4f27-8350-2a26b1f9b712,0
e943268e-673d-4794-ad88-23bb1983642d,0
950a4e80-61b6-487e-8756-c54c13e41725,0
7adf7b84-38a5-4acf-89fd-684cab7ab035,0
697c08f2-cd17-48a2-ad05-c10b372b3497,0
1c4ff158-dc83-4d0e-9019-0d3ab35586a6,0
2ab6b745-3382-4cad-a51d-912bc3ae21ea,0
607d8f68-0dc5-48be-a1b2-a219ef5172f7,0
88f34e2d-4a53-4af3-a6a5-180a3c0bab73,0
3a1fc1e2-e8f5-49d1-b6ae-5744776684dc,0
ce86a5d5-3510-41c4-9239-13d96d026202,0
1f3cee95-44af-49ee-a962-29234859f49c,0
380da7ac-442b-4d68-a1f2-257255776f14,0
ae74cc0e-e5ca-4ae1-9df1-ca876b327b82,1
56b65fef-2a49-4901-ace5-e01bea4abe99,0
ba822958-1e92-473b-affd-ae2fa4be08b9,0
6a94da9d-387b-445c-aba4-80b053481953,0
5ad6aec2-0ffe-49f4-ae52-9c55150ad1c8,0
0f9d680b-6c9e-4097-9933-49b293882d0a,0
bf619fa6-a520-49db-acac-6b3ed8c9e6cb,0
58ed3330-376c-4afb-9c82-c41d00d2d834,0
c68d980e-3de8-42c6-b969-869b61069ebe,0
5c7e8aae-5b7c-4e5b-92ed-5072a1263888,0
05fc0dfe-e545-4638-b5c3-627d5ad2f8e3,0
4b8b03e9-1ec2-468d-8a82-b3ea7612ce7c,0
c0aa32d5-7177-4f4b-b7a6-fcc9f0d14a9a,0
e6324147-2ed6-41cb-96d5-77653cc71b1a,0
40c66e67-7473-425e-93a5-bbe9ecc89be8,0
6db122ce-e239-44b1-9b85-a5116ee5328c,0
6dbeb53d-e6e8-4b3c-8485-c74deff8da4d,0
834049d9-3ffa-49c1-981f-98d6d7fb3911,0
005038e0-a27f-4dac-a983-c17c1480b3de,0
71d08d81-08e9-4426-abea-f9f645157368,0
f758341a-8d05-4519-9bbf-756cfa5d9d57,0
57b11681-a2a4-4b28-ba30-8ec5afb3d18e,0
50c81aea-670e-4e71-be76-a15d8f28b61c,0
9a943010-88aa-42bd-923a-60ffe459265c,0
8c0bc31d-b993-4615-9df5-1a53c708ec45,0
7bd13fed-56bd-49bb-995f-c781b1830742,1
7a16208f-b760-46f8-b402-c50ebc920d84,0
67c684f6-de51-4f19-a527-bc54d346a313,0
c53a94ef-edb6-498f-a775-435f35f2564c,0
0dac87d3-903e-4a52-92c7-ea1a6340e433,0
4d03ac43-5a77-4f45-8db1-64cb856872ef,0
a7fe8a14-b9c1-4fbd-a06d-ec29a22e9df9,0
e8c2bda5-2192-4ae2-8e25-46cc1db4f596,0
4be6a7a3-1375-444b-8031-7f04909640f1,0
fd9a0a98-89d0-4b3d-a866-1ca04806fee4,0
954a657b-187e-46ae-ba11-46326c83b293,0
7c623479-b43b-4af4-bfcb-6df0404966ae,0
bbcab003-b304-4bbb-bc6d-ff06157994b7,0
7c4793fe-d476-46ae-83a2-79dd14b4aba1,0
c11bad65-14ef-4d50-9de0-a11eaa6eaa3d,0
bd7d0933-95be-494d-b3f7-831dace39e7f,0
9996cbd0-3a28-443c-b0aa-2aa0a521f02f,0
1f1b9571-3245-44e3-aa7e-f3d6fe08245e,0
cb5ee696-12a8-4568-b558-1dc98cf4f4d8,0
9cca1dae-612e-4df7-87a1-98650cfd510e,0
508be9f0-2bf4-4de0-a4fc-19ae449bbae7,0
b2e7c619-55ae-4d45-9a7a-a247f5ca62af,0
165efa51-2e35-4b29-afed-4d4dd9f82e3a,1
1b121e17-2435-4305-ada5-1cd232432fbb,0
1316318d-91bb-4144-a9ae-d343a6732d94,0
69707f4a-d42d-4797-a10e-009a7ae2fcfe,0
df81a74c-ff17-47aa-a447-ff2f8f4f6216,1
67347b61-1cfb-487c-b710-707621f7e551,0
f05ca075-52f4-44f6-aa47-78e8a6dd061e,0
d7eb4fd7-59c6-4274-8674-7cd1255b3eff,0
49330f95-60ad-4067-b35d-d0d200909e65,1
766e75b3-3555-4372-a9a0-10e18ea83438,1
b928bbc2-e315-4b4b-8b53-8f22e5044d2d,1
0a1a6345-8235-44e8-a279-1686d5eda45a,0
9fd81599-31e3-4f35-a52d-6607d150a69b,0
1173d52e-e362-4895-a6f4-64e12b5fada4,0
d4441009-d5ad-43e8-919f-1482b708c388,0
d486a783-6009-4ba6-8de7-6227503b726b,0
7c785f9a-62a5-482f-aee5-e41a87008e93,1
698789f1-b42e-4f81-a320-7ca24724b9c7,0
f27a3fe0-8b4a-4e88-89cb-980e2f9e1021,0
02618099-3ca3-48aa-b25b-528838533e75,0
9d757cd9-6ee1-4665-a25e-36bf47584f25,0
cd8c0fec-06a1-4faf-9b32-60cb9aa781b8,0
2f6ef9ff-e13e-4dd8-93c7-eb1f5f2a7e20,0
88a72417-4abe-4e26-8141-42d6bb0143f2,0
eb3440b4-dba2-423a-9df6-05c62a739f97,0
2c55797b-a7c4-42cc-975d-2fef258d0608,0
c4f0a82b-30a5-4671-854c-acfc81e586f1,0
2175588c-9797-45f2-a4f6-2b87852b4251,0
4abbda49-13f6-4f69-a26f-0acac72335d3,1
cc1db2db-72c2-4b73-8734-f54e2ed799d5,1
cdc344f0-5f63-4446-9f75-236c23825017,0
e10617a7-081c-4b8e-abd8-714dd55ba929,0
4c4c64ba-3075-4d4b-9dc3-0632af7f9298,0
a7ed0262-e6f1-487e-a841-e9522cc1c90a,0
3187d249-2e18-49a1-819c-baa53cd20881,0
65b6638d-17dc-40ab-b9d7-8cc660c81ed6,0
066a4083-d382-41d3-9704-8ad4d59acf64,0
3e8872bd-7b67-46c2-8130-b34179547cbd,0
a1801142-330b-4c06-8b33-c8f13a07d074,0
3b6f81ed-fbec-4f70-ba78-3f8e7a9fd2a8,0
44a914f5-7c73-4ca5-8074-fd9be86bcdf1,0
95370cc7-c9f8-4ec7-b7eb-92036fdacc33,0
5b81669b-001b-4396-8212-fbcd31f052a9,0
eb14d1c9-18da-458a-985d-115a9ba3d6b7,1
afcce72b-a07e-4347-a2fe-1cb26ea886d7,0
ad5774e8-a469-40ed-8fba-358a9534c7f0,0
40667f3a-b86f-4542-94ef-ede7183c878c,0
2c113e56-cf41-4fc3-8a8d-1e6e5d628177,0
022ef69d-d813-49de-981f-ace66d20b824,0
f9332bfa-f9ac-4afc-b46a-08fe45405294,0
a3869524-88ce-417d-b312-739f2df899d6,0
7cf2eaea-c15f-4bb4-a66c-1945233aa7b3,0
c1155650-0361-42f0-8c49-8326718a0469,0
81644397-835c-40be-be2b-d21a74548bfa,0
b96f3ff7-7654-40d1-8bf9-84f23e2364a1,0
ca39f014-cfba-4a06-b355-14de487e6a59,0
50af0a93-e12b-4a83-b1d4-2b497ed1134d,0
abc9d461-602e-44fd-9cc1-f0da114894f9,0
a433031a-ee16-4b37-8611-37f756fe23c6,0
fe621d75-0b1d-400f-83b8-e2d6d1adb247,0
c18e73c1-06d6-4898-a550-b9118ee269b9,0
ab739a23-4d13-4e70-994c-c4b0dd21fcbc,0
f41abe86-4882-4ba6-a60d-032e50b5ab14,1
f1509eda-4153-436f-aae2-6eddd0f0d8ec,0
514df43f-5ec4-42ae-b661-2bb303297e75,0
3d20c904-0edd-4497-93b4-eaa547f937e7,0
d90872e2-49b0-40e7-bd75-3c91389092a3,0
1c0ef2ca-16db-47e8-8473-fd368afefc01,0
74395b1a-510d-405e-9fac-45041cedb70c,0
f50de403-1f3e-479c-8f1e-1fc41794e696,0
375155e2-dc11-4a28-a1c0-c224986b1e38,0
47698f11-9cc5-4b04-b17c-d5f68deac930,0
91f3acfb-0311-4032-a12e-c5c5bdc82203,0
30b4b022-f122-4068-a674-5feee0d12ffa,0
25367179-03bd-438e-8736-6bc89f7ab46e,0
de413070-397c-4d78-ad79-613c4e31d32c,0
3a2b73d7-17c0-43e9-9cd4-cdcc385e6318,0
d9b8a5a5-4db7-4d47-9ce2-a0a24037ab67,0
53ee36be-3c8d-4264-813d-f7519dfab3fc,0
dfa29882-7228-48ef-81e8-e147aa3f8230,1
9c103fd7-de05-490e-8adf-349123fdd9b7,0
6a2290ea-63dd-4f7c-b486-60b6dc465029,0
2482db6c-4a99-4bd5-bd8b-8251abb0c25b,1
da6e2e6d-ef59-430c-887f-23a11ffefff7,0
c19ba787-ae13-4a3d-8a30-8bd9090f7565,0
4559790c-2740-489e-8ca6-3343ee7e8063,0
f218dd78-e4f9-47de-bddc-78a2f5cf2953,0
040201b9-0656-4f07-adca-4e3508466aa2,0
5db51a71-cbb4-4dd8-96a2-9e2c10872c01,0
7061707e-fce4-4eb1-b48b-92fb33096559,0
3b157fed-04a9-4f72-924e-46c553c543cc,1
44414c6e-e132-4546-b5b5-5e2ea997eab1,1
deb8c6b8-438b-41c3-ba9a-9a7ba5e22d2d,0
671075f5-cde8-426d-a861-42577c20115b,1
7de129fc-a131-4a84-92b1-0fb80ebc5808,1
fad7e673-fcfb-4198-9c37-a8c24dbd47b9,0
4b0420a6-c176-4469-b55a-ed003630826e,0
b23a2327-476f-43ba-af37-7f7dd2fe4413,0
15f9c55a-d06d-4a05-a671-16e2a14577ed,0
2b5ad253-0d41-4b3c-bb7d-d2a55a7ac592,0
dae869fe-5fa8-4f7a-a07b-2a8b3c339bb5,0
00375642-87d3-4caf-be37-94632e653416,0
a8313bfc-13b3-4c44-8daa-92ab42d2c544,0
e22b88fe-1591-4bcb-bc92-65000dd64879,0
1a94ad3c-b71d-4062-99d7-5a455ec85a32,1
56aa71ce-951d-44a3-9d12-f849df1560cf,0
e5edaf98-f139-4de6-9abe-924beeea43ed,0
1db6636c-d2de-41ae-a5c6-a52f463cab49,0
f06964ea-eb88-4788-8a4c-b9b26ac7fa55,0
df36b7b4-eab1-4fec-9157-08d51224956f,0
a944feb5-4b90-49f4-a60b-6d28f202c4a7,0
8d19fdbd-9640-4872-b082-43997a77af42,0
c9a3bda8-0af3-477f-87d0-c5b387257f3a,0
39f1bd29-5422-4f1a-b571-3e97da41e33e,0
d5c85688-24b3-49cc-beb1-2c36e286fae0,1
82da12fc-5ae5-4b17-bce3-0aabeafb9532,0
2c024f61-1f53-4ff1-83c4-bf861c167f73,0
0ecf8ce6-61f1-41b4-9ffc-3f987ce9d33a,0
06484d34-8e45-4b67-9277-356c98cdff22,0
5cba5faf-c8a5-4c32-be7c-c45374dfee23,0
267931d5-a41c-4d17-aefe-6b6ee70b2065,0
3b0d78a4-e078-48fa-89ba-71f07ff6e09d,0
026c9c3d-bf42-4b00-9cd3-dd59f2d66afe,0
1530f0a2-fd88-4092-a5fb-46c73adaf157,1
47d1bf2e-1933-496c-9f58-bd5492b81226,0
ac51080b-9823-486c-99fc-e85ed040542b,0
920d483a-c65f-4e9e-8104-01440476d5dc,0
c3ac3346-2db2-4679-971c-64dd3f6b0424,0
120cca99-5466-41dd-89ad-0c6de722ae75,0
30a5f057-60e5-4c07-a0e6-53d9983f759b,0
ec8f5d3d-88b9-4b6e-a8d8-bff6dab03fa3,0
fa001ac0-6f2c-40e5-ac01-aca1cde11fb9,0
42a5a5e1-2d47-40f1-916b-9173b80c0015,0
70a2ab2b-b25b-4ba1-8be3-1a03ffb099ac,0
8d76e3b3-bfbd-444d-b955-0161c970f258,0
f5696a01-29a7-4ab5-99b8-99f566396c72,0
e3cc6ac6-81a3-4a65-aeaf-815ce281d80d,0
f1afd397-e964-4ebb-8148-6e4987d78564,0
3c0b2d47-3ed5-4780-90cf-c44e1f61e982,1
ec8f51f5-a5aa-4fd9-b170-8d2d92d231ca,1
9bd6a3a7-4d1f-47fa-8911-a69f8061e58c,0
6910283f-e9ea-4f49-bb83-907de2e0bc7c,0
9db5fae8-893f-43fa-b851-f1aa3da2798f,0
1ba2e1f3-6a31-4ad5-88ec-90af6eab8421,1
bff0c990-27e8-45ae-a317-28294c8acfec,0
1098a053-8c5a-4f0b-8dd0-79ce8eedb378,0
c57f551e-1f52-4d89-88d1-d9d9d033b45d,0
3b7fc210-f99e-4792-8570-23a5f67ce42d,0
037bff42-e00d-4ae9-b5e2-2a137b62aed5,1
b99fa512-e885-4307-a420-f22efcc326dd,0
a579b924-b42a-488a-adeb-2a5e4e1cad78,0
d2c57822-54ab-493e-ad96-cf01656a7995,0
12732525-c445-4e58-b640-0e1092097aef,0
fab47f38-5cdd-41dc-8494-62e66c3227f1,0
512581e3-f90d-4016-ae07-5c775e571350,0
752d7581-9e41-4f03-b5a5-80209d8fbef1,0
8411922a-e59d-4fc3-a817-f6f7751f3872,0
a8ec6e9c-ad3a-4bee-b4f9-2be34fc4a098,0
20bd7387-0324-4701-a9bb-b90058779781,0
ecf93822-f9aa-4495-8860-16e43601447c,0
06f3821e-b5e9-41fc-8fcd-2fe077b42179,0
a612400f-61b0-49c5-90de-13d0eb7f4a66,0
23297208-20e9-4348-8d51-153cd4768dea,0
1eebf650-25ec-46d9-bcd4-19bced8a4dc5,0
c590b331-01b9-4245-b5b0-a24c95b22ad5,0
7100f32f-6f97-4564-8a92-35a04bd1abe2,0
8e59af96-ceb9-41a6-8192-46871b861fcf,0
caeb766c-e07c-4bf2-9734-d3a3c114f246,0
6b5d1b82-502d-47ff-8360-6b316bace86e,0
cff835fd-748a-4483-84b3-351f4392ff67,0
abd133ca-8b72-4bab-a2a2-dcab1a3c10e3,0
0aa33c18-fd99-4efc-859f-38555007504e,0
7e47726c-5cf9-4d54-9a64-43e89b5fecbc,0
dd9b161d-57a2-4ba1-9e57-1c7b5ec1cf0f,0
3eda55d1-84d7-4177-b193-76aa9900147b,0
68f467b6-392e-4bd4-8301-eb5eda868d50,0
be9bd11e-8ee1-4b1f-aa88-320b711f1787,0
95ea6609-5301-478e-ac67-f48447f1656b,0
19b1b9dc-4600-448f-87cc-6f2b2fdb0f89,0
1a380e3f-cd1e-4a70-af08-eb16d845f86f,0
52d1e5bc-9474-4e2f-846f-9a6d42db9fd1,0
839bac11-dfce-477c-81cb-69f218a15529,0
161cdbc6-b248-4f0c-bc69-9571b44b5b56,0
490e6e5f-0648-42ed-8c75-433b4959d1a2,0
b02bb796-62e5-4c12-baa7-b961bbbaeef2,1
90a91381-1c6c-4d9c-8373-c4bc636660b2,0
308dd50e-1a39-4f92-bfba-942d4b6a28d4,0
3d5428f3-a457-49e0-a73d-852e3f28f79d,0
34ad1eaf-8ae7-4394-be55-ef7c32c2cc9d,1
c8371727-5c1d-4c5c-87ad-50053ca74224,1
82f1561c-8c7e-400a-9165-522aaf76c7cc,1
32e10291-8e7f-49b2-b722-bdbdca040fb9,0
030e615e-c073-4e42-813d-de7361728d34,0
2454a178-ae60-409a-84eb-d6e69005f082,0
c89831f2-7c16-465d-b400-a724af46d858,0
5c56b627-f798-483b-b8f4-26943dd3b663,0
df518232-4fca-4c54-a614-48121cfca87c,0
8c36a795-8f61-4449-98d6-b3342e933290,0
191fd118-149d-4275-824e-d84dedcbdd3c,0
8fb6433d-77ec-40c2-bcd7-569c6bba28c7,0
c71f1fb2-55ed-4ab8-b274-6802aaac83ca,0
3e311941-2acd-4db3-b418-314f2b13e628,0
e51f07af-2823-4d6d-8c35-451a926b2a30,0
da70fef7-a686-4b2c-b54e-aa691f08dbe5,0
cac92f81-f730-4aea-b4fc-e77a612a0008,0
3bffca47-8494-4b74-a86a-ee6516b5779d,0
83f14ba7-b94d-4318-b5d0-d0cc782ac367,0
74aa63ea-8a76-4062-9c6d-471e81d72c32,0
06e305f5-d415-4daa-97e8-6b6fd2b5886f,0
a328dde8-f7c4-4719-87ee-2dfb3086bbd4,0
18b76798-441c-403e-96b0-b36f2007e7f6,0
6caa71d9-b1e3-46d9-9e30-0474340f89fb,0
970613d1-1007-43b6-bbc5-01330f3f6a51,0
73209c83-1258-4cef-89ee-4669843b2d5b,0
aff8490d-0fbf-49e0-9f57-994c5a218203,0
153b8951-8a14-4cb3-8368-5fa9c7591f32,0
c7d5b343-a1ab-4b40-8030-1da861cb80cb,0
98f863aa-dca1-4def-bc95-fc14eb6a2156,1
d2dd37dc-d19f-42fd-b6ac-470ca72de8b3,0
51e27fec-81e3-43c1-ae0f-648e887e4c1e,0
7011cc1b-a41a-4658-8d61-3892768efc3c,0
0c09db6d-275d-451a-bc24-fd879381610f,0
caf0c54e-fc2d-4334-8183-4d8502f255d3,1
8559db3c-7710-467c-b0da-5f7140eadb82,0
1f4535d1-c6e2-4490-a364-a3165944e393,0
31bf3172-8374-4b18-993f-a8529eb9f900,0
362645ef-7f02-4f6d-891d-5a5207f0125b,0
0b57e533-d8a6-4d9b-82f2-88e5faef1a8f,0
90563013-941c-45fc-a26d-a6efe5b0304a,0
